URL,primary_keyword,secondary_keywords,intent,funnel,parent_topic,competing_LiftPDF_URL,recommended_title,recommended_H1
https://liftpdf.com,free pdf tools,TBD_FROM_GSC,understand LiftPDF,discovery,home,REVIEW_IF_SAME_INTENT,"LiftPDF - Free PDF tools to convert, merge, split, compress, protect and edit files directly in your browser.",Every PDF Tool You Need
https://liftpdf.com/pdf-tools,pdf tools,TBD_FROM_GSC,discover related PDF tools,discovery,tool_index,REVIEW_IF_SAME_INTENT,All PDF Tools Online | LiftPDF,All PDF Tools
https://liftpdf.com/pdf-converter,pdf converter,TBD_FROM_GSC,discover related PDF tools,discovery,category,REVIEW_IF_SAME_INTENT,PDF Converter Online | LiftPDF - Free Browser PDF Tools,PDF Converter Online | LiftPDF
https://liftpdf.com/pdf-editor,pdf editor,TBD_FROM_GSC,discover related PDF tools,discovery,category,REVIEW_IF_SAME_INTENT,PDF Editor Online | LiftPDF - Free PDF Editing Tools,PDF Editor Online | LiftPDF
https://liftpdf.com/pdf-security,pdf security,TBD_FROM_GSC,discover related PDF tools,discovery,category,REVIEW_IF_SAME_INTENT,PDF Security Tools | LiftPDF - Secure PDF Tools Online,PDF Security Tools | LiftPDF
https://liftpdf.com/pdf-image-tools,pdf image tools,TBD_FROM_GSC,discover related PDF tools,discovery,category,REVIEW_IF_SAME_INTENT,PDF Image Tools | LiftPDF - Image and PDF Converters,PDF Image Tools | LiftPDF
https://liftpdf.com/organize-pdf,organize pdf,TBD_FROM_GSC,discover related PDF tools,discovery,category,REVIEW_IF_SAME_INTENT,Organize PDF Online | LiftPDF - Free PDF Organizer,Organize PDF Online | LiftPDF
https://liftpdf.com/privacy,privacy,TBD_FROM_GSC,evaluate LiftPDF trust and policies,discovery,trust,REVIEW_IF_SAME_INTENT,Privacy First PDF Tools | LiftPDF,Privacy First
https://liftpdf.com/cookies,cookies,TBD_FROM_GSC,evaluate LiftPDF trust and policies,discovery,trust,REVIEW_IF_SAME_INTENT,Cookie Policy | LiftPDF,Cookie Policy
https://liftpdf.com/security,security,TBD_FROM_GSC,evaluate LiftPDF trust and policies,discovery,trust,REVIEW_IF_SAME_INTENT,LiftPDF Security Overview | Browser-Side PDF Processing,Security Overview
https://liftpdf.com/about,about,TBD_FROM_GSC,evaluate LiftPDF trust and policies,discovery,trust,REVIEW_IF_SAME_INTENT,About LiftPDF | Private Browser-Based PDF Tools,Why LiftPDF exists
https://liftpdf.com/why-liftpdf,why liftpdf,TBD_FROM_GSC,evaluate LiftPDF trust and policies,discovery,trust,REVIEW_IF_SAME_INTENT,Why LiftPDF | Private PDF Tools in Your Browser,A private way to work with PDFs
https://liftpdf.com/terms,terms,TBD_FROM_GSC,evaluate LiftPDF trust and policies,discovery,trust,REVIEW_IF_SAME_INTENT,Terms of Use | LiftPDF,Terms of Use
https://liftpdf.com/contact,contact,TBD_FROM_GSC,evaluate LiftPDF trust and policies,discovery,trust,REVIEW_IF_SAME_INTENT,Contact LiftPDF | Support and Product Questions,Contact LiftPDF
https://liftpdf.com/learn,learn,TBD_FROM_GSC,browse PDF education resources,discovery,editorial_hub,REVIEW_IF_SAME_INTENT,"LiftPDF Learning Center | PDF Guides, Help and Glossary",LiftPDF Learning Center
https://liftpdf.com/guides,guides,TBD_FROM_GSC,browse PDF education resources,discovery,editorial_hub,REVIEW_IF_SAME_INTENT,PDF Guides | LiftPDF Learning Center,PDF guides for real document tasks
https://liftpdf.com/pdf-glossary,pdf glossary,TBD_FROM_GSC,browse PDF education resources,discovery,editorial_hub,REVIEW_IF_SAME_INTENT,PDF Glossary | LiftPDF,PDF terms explained simply
https://liftpdf.com/help,help,TBD_FROM_GSC,browse PDF education resources,discovery,editorial_hub,REVIEW_IF_SAME_INTENT,Help Center | LiftPDF,Help for common PDF workflows
https://liftpdf.com/learn/pdf-basics,learn/pdf basics,TBD_FROM_GSC,browse PDF education resources,education,learning_topic,REVIEW_IF_SAME_INTENT,PDF Basics Guides | LiftPDF Learning Center,PDF Basics
https://liftpdf.com/learn/convert-pdf,learn/convert pdf,TBD_FROM_GSC,browse PDF education resources,education,learning_topic,REVIEW_IF_SAME_INTENT,Convert PDF Guides | LiftPDF Learning Center,Convert PDF
https://liftpdf.com/learn/organize-pdf,learn/organize pdf,TBD_FROM_GSC,browse PDF education resources,education,learning_topic,REVIEW_IF_SAME_INTENT,Organize PDF Guides | LiftPDF Learning Center,Organize PDF
https://liftpdf.com/learn/edit-pdf,learn/edit pdf,TBD_FROM_GSC,browse PDF education resources,education,learning_topic,REVIEW_IF_SAME_INTENT,Edit PDF Guides | LiftPDF Learning Center,Edit PDF
https://liftpdf.com/learn/pdf-security,learn/pdf security,TBD_FROM_GSC,browse PDF education resources,education,learning_topic,REVIEW_IF_SAME_INTENT,PDF Security Guides | LiftPDF Learning Center,PDF Security
https://liftpdf.com/learn/pdf-images,learn/pdf images,TBD_FROM_GSC,browse PDF education resources,education,learning_topic,REVIEW_IF_SAME_INTENT,PDF and Images Guides | LiftPDF Learning Center,PDF and Images
https://liftpdf.com/learn/troubleshooting,learn/troubleshooting,TBD_FROM_GSC,browse PDF education resources,education,learning_topic,REVIEW_IF_SAME_INTENT,Troubleshooting Guides | LiftPDF Learning Center,Troubleshooting
https://liftpdf.com/learn/comparisons,learn/comparisons,TBD_FROM_GSC,browse PDF education resources,education,learning_topic,REVIEW_IF_SAME_INTENT,Comparisons Guides | LiftPDF Learning Center,Comparisons
https://liftpdf.com/jpg-to-pdf,jpg to pdf,TBD_FROM_GSC,complete a PDF task,conversion,tool,REVIEW_IF_SAME_INTENT,JPG to PDF Converter - Free Online Tool | LiftPDF,JPG to PDF Converter
https://liftpdf.com/png-to-pdf,png to pdf,TBD_FROM_GSC,complete a PDF task,conversion,tool,REVIEW_IF_SAME_INTENT,PNG to PDF Converter - Free Online Tool | LiftPDF,PNG to PDF Converter
https://liftpdf.com/images-to-pdf,images to pdf,TBD_FROM_GSC,complete a PDF task,conversion,tool,REVIEW_IF_SAME_INTENT,Images to PDF Converter - Free Online Tool | LiftPDF,Images to PDF Converter
https://liftpdf.com/pdf-to-jpg,pdf to jpg,TBD_FROM_GSC,complete a PDF task,conversion,tool,REVIEW_IF_SAME_INTENT,PDF to JPG Converter - Free Online Tool | LiftPDF,PDF to JPG Converter
https://liftpdf.com/pdf-to-png,pdf to png,TBD_FROM_GSC,complete a PDF task,conversion,tool,REVIEW_IF_SAME_INTENT,PDF to PNG Converter - Free Online Tool | LiftPDF,PDF to PNG Converter
https://liftpdf.com/merge-pdf,merge pdf,TBD_FROM_GSC,complete a PDF task,conversion,tool,REVIEW_IF_SAME_INTENT,Merge PDF Online - Free PDF Merger | LiftPDF,Merge PDF Online
https://liftpdf.com/split-pdf,split pdf,TBD_FROM_GSC,complete a PDF task,conversion,tool,REVIEW_IF_SAME_INTENT,Split PDF Online - Free PDF Splitter | LiftPDF,Split PDF Online
https://liftpdf.com/compress-pdf,compress pdf,TBD_FROM_GSC,complete a PDF task,conversion,tool,REVIEW_IF_SAME_INTENT,Compress PDF Online - Free PDF Compressor | LiftPDF,Compress PDF Online
https://liftpdf.com/rotate-pdf,rotate pdf,TBD_FROM_GSC,complete a PDF task,conversion,tool,REVIEW_IF_SAME_INTENT,Rotate PDF Online - Free PDF Rotator | LiftPDF,Rotate PDF Online
https://liftpdf.com/add-page-numbers,add page numbers,TBD_FROM_GSC,complete a PDF task,conversion,tool,REVIEW_IF_SAME_INTENT,Add Page Numbers to PDF Online | LiftPDF,Add Page Numbers to PDF
https://liftpdf.com/watermark-pdf,watermark pdf,TBD_FROM_GSC,complete a PDF task,conversion,tool,REVIEW_IF_SAME_INTENT,Watermark PDF Online - Add Text or Image Watermark | LiftPDF,Watermark PDF Online
https://liftpdf.com/pdf-to-text,pdf to text,TBD_FROM_GSC,complete a PDF task,conversion,tool,REVIEW_IF_SAME_INTENT,PDF to Text Online Free | Extract Text from PDF | LiftPDF,PDF to Text
https://liftpdf.com/protect-pdf,protect pdf,TBD_FROM_GSC,complete a PDF task,conversion,tool,REVIEW_IF_SAME_INTENT,Protect PDF Online Free | Add Password to PDF | LiftPDF,Protect PDF
https://liftpdf.com/unlock-pdf,unlock pdf,TBD_FROM_GSC,complete a PDF task,conversion,tool,REVIEW_IF_SAME_INTENT,Unlock PDF Online Free | Remove PDF Password | LiftPDF,Unlock PDF
https://liftpdf.com/delete-pages,delete pages,TBD_FROM_GSC,complete a PDF task,conversion,tool,REVIEW_IF_SAME_INTENT,Remove Pages from PDF Online Free | LiftPDF,Delete PDF Pages
https://liftpdf.com/extract-pages,extract pages,TBD_FROM_GSC,complete a PDF task,conversion,tool,REVIEW_IF_SAME_INTENT,Extract PDF Pages Online Free | LiftPDF,Extract PDF Pages
https://liftpdf.com/reorder-pages,reorder pages,TBD_FROM_GSC,complete a PDF task,conversion,tool,REVIEW_IF_SAME_INTENT,Reorder PDF Pages Online Free | LiftPDF,Reorder PDF Pages
https://liftpdf.com/guides/how-to-extract-pages-from-pdf,guides/how to extract pages from pdf,TBD_FROM_GSC,learn how to solve a PDF problem,education,guide,REVIEW_IF_SAME_INTENT,How to Extract Pages From a PDF | LiftPDF,How to Extract Pages From a PDF
https://liftpdf.com/guides/extract-one-page-from-pdf,guides/extract one page from pdf,TBD_FROM_GSC,learn how to solve a PDF problem,education,guide,REVIEW_IF_SAME_INTENT,How to Extract One Page From a PDF | LiftPDF,How to Extract One Page From a PDF
https://liftpdf.com/guides/extract-multiple-pages-from-pdf,guides/extract multiple pages from pdf,TBD_FROM_GSC,learn how to solve a PDF problem,education,guide,REVIEW_IF_SAME_INTENT,How to Extract Multiple PDF Pages | LiftPDF,How to Extract Multiple Pages From a PDF
https://liftpdf.com/guides/extract-pdf-pages-without-adobe,guides/extract pdf pages without adobe,TBD_FROM_GSC,learn how to solve a PDF problem,education,guide,REVIEW_IF_SAME_INTENT,Extract PDF Pages Without Adobe | LiftPDF,How to Extract PDF Pages Without Adobe
https://liftpdf.com/guides/extract-pages-from-password-protected-pdf,guides/extract pages from password protected pdf,TBD_FROM_GSC,learn how to solve a PDF problem,education,guide,REVIEW_IF_SAME_INTENT,Extract Pages From a Password Protected PDF | LiftPDF,How to Extract Pages From a Password Protected PDF
https://liftpdf.com/guides/extract-pages-from-scanned-pdf,guides/extract pages from scanned pdf,TBD_FROM_GSC,learn how to solve a PDF problem,education,guide,REVIEW_IF_SAME_INTENT,Extract Pages From a Scanned PDF | LiftPDF,How to Extract Pages From a Scanned PDF
https://liftpdf.com/guides/extract-pages-vs-split-pdf,guides/extract pages vs split pdf,TBD_FROM_GSC,learn how to solve a PDF problem,education,guide,REVIEW_IF_SAME_INTENT,Extract Pages vs Split PDF | LiftPDF,Extract Pages vs Split PDF
https://liftpdf.com/guides/how-to-merge-pdf,guides/how to merge pdf,TBD_FROM_GSC,learn how to solve a PDF problem,education,guide,REVIEW_IF_SAME_INTENT,How to Merge PDF Files Online | LiftPDF,How to Merge PDF Files
https://liftpdf.com/guides/merge-pdf-online,guides/merge pdf online,TBD_FROM_GSC,learn how to solve a PDF problem,education,guide,REVIEW_IF_SAME_INTENT,Merge PDF Online Free | LiftPDF,Merge PDF Online
https://liftpdf.com/guides/merge-pdf-without-adobe,guides/merge pdf without adobe,TBD_FROM_GSC,learn how to solve a PDF problem,education,guide,REVIEW_IF_SAME_INTENT,Merge PDF Without Adobe Acrobat | LiftPDF,How to Merge PDF Files Without Adobe
https://liftpdf.com/guides/merge-two-pdf-files,guides/merge two pdf files,TBD_FROM_GSC,learn how to solve a PDF problem,education,guide,REVIEW_IF_SAME_INTENT,Merge Two PDF Files Into One | LiftPDF,How to Merge Two PDF Files
https://liftpdf.com/guides/merge-multiple-pdf-files,guides/merge multiple pdf files,TBD_FROM_GSC,learn how to solve a PDF problem,education,guide,REVIEW_IF_SAME_INTENT,Merge Multiple PDF Files Into One | LiftPDF,How to Merge Multiple PDF Files
https://liftpdf.com/guides/merge-pdf-free,guides/merge pdf free,TBD_FROM_GSC,learn how to solve a PDF problem,education,guide,REVIEW_IF_SAME_INTENT,Merge PDF Free Online | LiftPDF,Merge PDF Free
https://liftpdf.com/guides/why-cant-i-merge-pdf-files,guides/why cant i merge pdf files,TBD_FROM_GSC,learn how to solve a PDF problem,education,guide,REVIEW_IF_SAME_INTENT,Why Can't I Merge PDF Files? | LiftPDF,Why Can't I Merge PDF Files?
https://liftpdf.com/guides/why-is-my-merged-pdf-too-large,guides/why is my merged pdf too large,TBD_FROM_GSC,learn how to solve a PDF problem,education,guide,REVIEW_IF_SAME_INTENT,Why Is My Merged PDF Too Large? | LiftPDF,Why Is My Merged PDF Too Large?
https://liftpdf.com/guides/why-does-merge-pdf-fail,guides/why does merge pdf fail,TBD_FROM_GSC,learn how to solve a PDF problem,education,guide,REVIEW_IF_SAME_INTENT,Why Does Merge PDF Fail? | LiftPDF,Why Does Merge PDF Fail?
https://liftpdf.com/guides/why-cant-i-merge-protected-pdfs,guides/why cant i merge protected pdfs,TBD_FROM_GSC,learn how to solve a PDF problem,education,guide,REVIEW_IF_SAME_INTENT,Why Can't I Merge Protected PDFs? | LiftPDF,Why Can't I Merge Protected PDFs?
https://liftpdf.com/guides/merge-pdf-vs-combine-pdf,guides/merge pdf vs combine pdf,TBD_FROM_GSC,learn how to solve a PDF problem,education,guide,REVIEW_IF_SAME_INTENT,Merge PDF vs Combine PDF | LiftPDF,Merge PDF vs Combine PDF
https://liftpdf.com/guides/merge-pdf-vs-adobe,guides/merge pdf vs adobe,TBD_FROM_GSC,learn how to solve a PDF problem,education,guide,REVIEW_IF_SAME_INTENT,LiftPDF Merge PDF vs Adobe Acrobat | LiftPDF,Merge PDF: LiftPDF vs Adobe Acrobat
https://liftpdf.com/guides/merge-pdf-vs-smallpdf,guides/merge pdf vs smallpdf,TBD_FROM_GSC,learn how to solve a PDF problem,education,guide,REVIEW_IF_SAME_INTENT,LiftPDF Merge PDF vs Smallpdf | LiftPDF,Merge PDF: LiftPDF vs Smallpdf
https://liftpdf.com/guides/merge-pdf-vs-ilovepdf,guides/merge pdf vs ilovepdf,TBD_FROM_GSC,learn how to solve a PDF problem,education,guide,REVIEW_IF_SAME_INTENT,LiftPDF Merge PDF vs iLovePDF | LiftPDF,Merge PDF: LiftPDF vs iLovePDF
https://liftpdf.com/guides/merge-pdf-faq,guides/merge pdf faq,TBD_FROM_GSC,learn how to solve a PDF problem,education,guide,REVIEW_IF_SAME_INTENT,Merge PDF FAQ | LiftPDF,Merge PDF FAQ
https://liftpdf.com/guides/how-to-convert-jpg-to-pdf,guides/how to convert jpg to pdf,TBD_FROM_GSC,learn how to solve a PDF problem,education,guide,REVIEW_IF_SAME_INTENT,How to Convert JPG to PDF Online | LiftPDF,How to Convert JPG to PDF
https://liftpdf.com/guides/how-to-convert-multiple-jpg-to-pdf,guides/how to convert multiple jpg to pdf,TBD_FROM_GSC,learn how to solve a PDF problem,education,guide,REVIEW_IF_SAME_INTENT,How to Convert Multiple JPG Files to One PDF | LiftPDF,How to Convert Multiple JPG Files to One PDF
https://liftpdf.com/guides/how-to-convert-jpg-to-pdf-without-losing-quality,guides/how to convert jpg to pdf without losing quality,TBD_FROM_GSC,learn how to solve a PDF problem,education,guide,REVIEW_IF_SAME_INTENT,Convert JPG to PDF Without Losing Quality | LiftPDF,How to Convert JPG to PDF Without Losing Quality
https://liftpdf.com/guides/jpg-to-pdf-online,guides/jpg to pdf online,TBD_FROM_GSC,learn how to solve a PDF problem,education,guide,REVIEW_IF_SAME_INTENT,JPG to PDF Online Free | LiftPDF,JPG to PDF Online
https://liftpdf.com/guides/jpg-to-pdf-without-adobe,guides/jpg to pdf without adobe,TBD_FROM_GSC,learn how to solve a PDF problem,education,guide,REVIEW_IF_SAME_INTENT,JPG to PDF Without Adobe | LiftPDF,How to Convert JPG to PDF Without Adobe
https://liftpdf.com/guides/jpg-to-pdf-free,guides/jpg to pdf free,TBD_FROM_GSC,learn how to solve a PDF problem,education,guide,REVIEW_IF_SAME_INTENT,Free JPG to PDF Converter | LiftPDF,Free JPG to PDF Converter
https://liftpdf.com/guides/why-is-my-jpg-blurry-after-pdf,guides/why is my jpg blurry after pdf,TBD_FROM_GSC,learn how to solve a PDF problem,education,guide,REVIEW_IF_SAME_INTENT,Why Is My JPG Blurry After Converting to PDF? | LiftPDF,Why Is My JPG Blurry After PDF Conversion?
https://liftpdf.com/guides/why-is-my-pdf-too-large-after-converting-jpg,guides/why is my pdf too large after converting jpg,TBD_FROM_GSC,learn how to solve a PDF problem,education,guide,REVIEW_IF_SAME_INTENT,Why Is My PDF Too Large After Converting JPG? | LiftPDF,Why Is My PDF Too Large After Converting JPG?
https://liftpdf.com/guides/why-cant-i-convert-jpg-to-pdf,guides/why cant i convert jpg to pdf,TBD_FROM_GSC,learn how to solve a PDF problem,education,guide,REVIEW_IF_SAME_INTENT,Why Can't I Convert JPG to PDF? | LiftPDF,Why Can't I Convert JPG to PDF?
https://liftpdf.com/guides/how-to-keep-original-image-quality,guides/how to keep original image quality,TBD_FROM_GSC,learn how to solve a PDF problem,education,guide,REVIEW_IF_SAME_INTENT,How to Keep Original Image Quality in PDF | LiftPDF,How to Keep Original Image Quality in PDF
https://liftpdf.com/guides/jpg-vs-png,guides/jpg vs png,TBD_FROM_GSC,learn how to solve a PDF problem,education,guide,REVIEW_IF_SAME_INTENT,JPG vs PNG: Which Should You Convert to PDF? | LiftPDF,JPG vs PNG for PDF Conversion
https://liftpdf.com/guides/jpg-to-pdf-vs-word,guides/jpg to pdf vs word,TBD_FROM_GSC,learn how to solve a PDF problem,education,guide,REVIEW_IF_SAME_INTENT,JPG to PDF vs Word: Which Format Should You Use? | LiftPDF,JPG to PDF vs Word
https://liftpdf.com/guides/jpg-to-pdf-vs-smallpdf,guides/jpg to pdf vs smallpdf,TBD_FROM_GSC,learn how to solve a PDF problem,education,guide,REVIEW_IF_SAME_INTENT,JPG to PDF: LiftPDF vs Smallpdf | LiftPDF,JPG to PDF: LiftPDF vs Smallpdf
https://liftpdf.com/guides/jpg-to-pdf-vs-adobe,guides/jpg to pdf vs adobe,TBD_FROM_GSC,learn how to solve a PDF problem,education,guide,REVIEW_IF_SAME_INTENT,JPG to PDF: LiftPDF vs Adobe Acrobat | LiftPDF,JPG to PDF: LiftPDF vs Adobe Acrobat
https://liftpdf.com/guides/jpg-to-pdf-faq,guides/jpg to pdf faq,TBD_FROM_GSC,learn how to solve a PDF problem,education,guide,REVIEW_IF_SAME_INTENT,JPG to PDF FAQ | LiftPDF,JPG to PDF FAQ
https://liftpdf.com/guides/what-is-a-pdf,guides/what is a pdf,TBD_FROM_GSC,learn how to solve a PDF problem,education,guide,REVIEW_IF_SAME_INTENT,What Is a PDF? Simple Definition and Examples | LiftPDF,What Is a PDF?
https://liftpdf.com/guides/jpg-vs-jpeg,guides/jpg vs jpeg,TBD_FROM_GSC,learn how to solve a PDF problem,education,guide,REVIEW_IF_SAME_INTENT,JPG vs JPEG: Is There a Difference? | LiftPDF,JPG vs JPEG
https://liftpdf.com/guides/png-vs-pdf,guides/png vs pdf,TBD_FROM_GSC,learn how to solve a PDF problem,education,guide,REVIEW_IF_SAME_INTENT,PNG vs PDF: Which Format Should You Use? | LiftPDF,PNG vs PDF
https://liftpdf.com/guides/what-is-pdf-compression,guides/what is pdf compression,TBD_FROM_GSC,learn how to solve a PDF problem,education,guide,REVIEW_IF_SAME_INTENT,What Is PDF Compression? | LiftPDF,What Is PDF Compression?
https://liftpdf.com/guides/what-is-a-password-protected-pdf,guides/what is a password protected pdf,TBD_FROM_GSC,learn how to solve a PDF problem,education,guide,REVIEW_IF_SAME_INTENT,What Is a Password-Protected PDF? | LiftPDF,What Is a Password-Protected PDF?
https://liftpdf.com/guides/what-is-browser-based-pdf-processing,guides/what is browser based pdf processing,TBD_FROM_GSC,learn how to solve a PDF problem,education,guide,REVIEW_IF_SAME_INTENT,What Is Browser-Based PDF Processing? | LiftPDF,What Is Browser-Based PDF Processing?
https://liftpdf.com/guides/scanned-pdf-vs-searchable-pdf,guides/scanned pdf vs searchable pdf,TBD_FROM_GSC,learn how to solve a PDF problem,education,guide,REVIEW_IF_SAME_INTENT,Scanned PDF vs Searchable PDF | LiftPDF,Scanned PDF vs Searchable PDF
https://liftpdf.com/guides/why-is-my-pdf-too-large,guides/why is my pdf too large,TBD_FROM_GSC,learn how to solve a PDF problem,education,guide,REVIEW_IF_SAME_INTENT,Why Is My PDF Too Large? Causes and Fixes | LiftPDF,Why Is My PDF Too Large?
https://liftpdf.com/guides/how-to-reduce-pdf-file-size-for-email,guides/how to reduce pdf file size for email,TBD_FROM_GSC,learn how to solve a PDF problem,education,guide,REVIEW_IF_SAME_INTENT,How to Reduce PDF File Size for Email | LiftPDF,How to Reduce PDF File Size for Email
https://liftpdf.com/guides/how-to-combine-scanned-documents-into-one-pdf,guides/how to combine scanned documents into one pdf,TBD_FROM_GSC,learn how to solve a PDF problem,education,guide,REVIEW_IF_SAME_INTENT,How to Combine Scanned Documents Into One PDF | LiftPDF,How to Combine Scanned Documents Into One PDF
https://liftpdf.com/guides/how-to-prepare-a-pdf-for-online-submission,guides/how to prepare a pdf for online submission,TBD_FROM_GSC,learn how to solve a PDF problem,education,guide,REVIEW_IF_SAME_INTENT,How to Prepare a PDF for Online Submission | LiftPDF,How to Prepare a PDF for Online Submission
https://liftpdf.com/guides/how-to-organize-pdf-pages-before-sending,guides/how to organize pdf pages before sending,TBD_FROM_GSC,learn how to solve a PDF problem,education,guide,REVIEW_IF_SAME_INTENT,How to Organize PDF Pages Before Sending | LiftPDF,How to Organize PDF Pages Before Sending
https://liftpdf.com/guides/how-to-turn-phone-photos-into-a-pdf,guides/how to turn phone photos into a pdf,TBD_FROM_GSC,learn how to solve a PDF problem,education,guide,REVIEW_IF_SAME_INTENT,How to Turn Phone Photos Into a PDF | LiftPDF,How to Turn Phone Photos Into a PDF
https://liftpdf.com/guides/how-to-keep-pdf-images-sharp,guides/how to keep pdf images sharp,TBD_FROM_GSC,learn how to solve a PDF problem,education,guide,REVIEW_IF_SAME_INTENT,How to Keep PDF Images Sharp | LiftPDF,How to Keep PDF Images Sharp
https://liftpdf.com/guides/why-pdf-opens-blank,guides/why pdf opens blank,TBD_FROM_GSC,learn how to solve a PDF problem,education,guide,REVIEW_IF_SAME_INTENT,Why a PDF Opens Blank and How to Fix It | LiftPDF,Why a PDF Opens Blank and How to Fix It
https://liftpdf.com/guides/why-a-pdf-is-password-protected,guides/why a pdf is password protected,TBD_FROM_GSC,learn how to solve a PDF problem,education,guide,REVIEW_IF_SAME_INTENT,Why a PDF Is Password Protected | LiftPDF,Why a PDF Is Password Protected
https://liftpdf.com/guides/pdf-vs-jpg,guides/pdf vs jpg,TBD_FROM_GSC,learn how to solve a PDF problem,education,guide,REVIEW_IF_SAME_INTENT,PDF vs JPG: Which Format Should You Use? | LiftPDF,PDF vs JPG
https://liftpdf.com/guides/pdf-vs-png,guides/pdf vs png,TBD_FROM_GSC,learn how to solve a PDF problem,education,guide,REVIEW_IF_SAME_INTENT,PDF vs PNG: Which Format Should You Use? | LiftPDF,PDF vs PNG
https://liftpdf.com/guides/how-to-compress-pdf-without-losing-quality,guides/how to compress pdf without losing quality,TBD_FROM_GSC,learn how to solve a PDF problem,education,guide,REVIEW_IF_SAME_INTENT,How to Compress a PDF Without Losing Quality | LiftPDF,How to Compress a PDF Without Losing Quality
https://liftpdf.com/guides/compress-pdf-for-email,guides/compress pdf for email,TBD_FROM_GSC,learn how to solve a PDF problem,education,guide,REVIEW_IF_SAME_INTENT,Compress PDF for Email: Practical Size Checklist | LiftPDF,Compress PDF for Email
https://liftpdf.com/guides/reduce-scanned-pdf-size,guides/reduce scanned pdf size,TBD_FROM_GSC,learn how to solve a PDF problem,education,guide,REVIEW_IF_SAME_INTENT,How to Reduce Scanned PDF File Size | LiftPDF,How to Reduce Scanned PDF File Size
https://liftpdf.com/guides/pdf-compression-vs-optimization,guides/pdf compression vs optimization,TBD_FROM_GSC,learn how to solve a PDF problem,education,guide,REVIEW_IF_SAME_INTENT,PDF Compression vs Optimization: What Is the Difference? | LiftPDF,PDF Compression vs Optimization
https://liftpdf.com/guides/how-to-convert-pdf-to-jpg,guides/how to convert pdf to jpg,TBD_FROM_GSC,learn how to solve a PDF problem,education,guide,REVIEW_IF_SAME_INTENT,How to Convert PDF to JPG | LiftPDF,How to Convert PDF to JPG
https://liftpdf.com/guides/how-to-convert-pdf-to-png,guides/how to convert pdf to png,TBD_FROM_GSC,learn how to solve a PDF problem,education,guide,REVIEW_IF_SAME_INTENT,How to Convert PDF to PNG | LiftPDF,How to Convert PDF to PNG
https://liftpdf.com/guides/pdf-to-jpg-vs-pdf-to-png,guides/pdf to jpg vs pdf to png,TBD_FROM_GSC,learn how to solve a PDF problem,education,guide,REVIEW_IF_SAME_INTENT,PDF to JPG vs PDF to PNG: Which Should You Choose? | LiftPDF,PDF to JPG vs PDF to PNG
https://liftpdf.com/guides/why-are-pdf-to-jpg-images-blurry,guides/why are pdf to jpg images blurry,TBD_FROM_GSC,learn how to solve a PDF problem,education,guide,REVIEW_IF_SAME_INTENT,Why Are My PDF to JPG Images Blurry? | LiftPDF,Why Are My PDF to JPG Images Blurry?
https://liftpdf.com/guides/how-to-copy-text-from-pdf,guides/how to copy text from pdf,TBD_FROM_GSC,learn how to solve a PDF problem,education,guide,REVIEW_IF_SAME_INTENT,How to Copy Text From a PDF | LiftPDF,How to Copy Text From a PDF
https://liftpdf.com/guides/why-cant-i-copy-text-from-pdf,guides/why cant i copy text from pdf,TBD_FROM_GSC,learn how to solve a PDF problem,education,guide,REVIEW_IF_SAME_INTENT,Why Can't I Copy Text From a PDF? | LiftPDF,Why Can't I Copy Text From a PDF?
https://liftpdf.com/guides/how-to-tell-if-pdf-is-scanned,guides/how to tell if pdf is scanned,TBD_FROM_GSC,learn how to solve a PDF problem,education,guide,REVIEW_IF_SAME_INTENT,How to Tell If a PDF Is Scanned | LiftPDF,How to Tell If a PDF Is Scanned
https://liftpdf.com/guides/protect-pdf-before-sending,guides/protect pdf before sending,TBD_FROM_GSC,learn how to solve a PDF problem,education,guide,REVIEW_IF_SAME_INTENT,How to Protect a PDF Before Sending It | LiftPDF,How to Protect a PDF Before Sending It
https://liftpdf.com/guides/unlock-pdf-with-known-password,guides/unlock pdf with known password,TBD_FROM_GSC,learn how to solve a PDF problem,education,guide,REVIEW_IF_SAME_INTENT,How to Unlock a PDF With a Known Password | LiftPDF,How to Unlock a PDF With a Known Password
https://liftpdf.com/guides/password-protected-pdf-not-opening,guides/password protected pdf not opening,TBD_FROM_GSC,learn how to solve a PDF problem,education,guide,REVIEW_IF_SAME_INTENT,Password-Protected PDF Not Opening: What to Check | LiftPDF,Password-Protected PDF Not Opening
https://liftpdf.com/guides/make-pdf-smaller-for-upload,guides/make pdf smaller for upload,TBD_FROM_GSC,learn how to solve a PDF problem,education,guide,REVIEW_IF_SAME_INTENT,How to Make a PDF Smaller for Upload | LiftPDF,How to Make a PDF Smaller for Upload
https://liftpdf.com/guides/pdf-file-size-limit-explained,guides/pdf file size limit explained,TBD_FROM_GSC,learn how to solve a PDF problem,education,guide,REVIEW_IF_SAME_INTENT,PDF File Size Limits Explained | LiftPDF,PDF File Size Limits Explained
https://liftpdf.com/guides/convert-receipts-to-pdf,guides/convert receipts to pdf,TBD_FROM_GSC,learn how to solve a PDF problem,education,guide,REVIEW_IF_SAME_INTENT,How to Convert Receipts to PDF | LiftPDF,How to Convert Receipts to PDF
https://liftpdf.com/guides/combine-screenshots-into-pdf,guides/combine screenshots into pdf,TBD_FROM_GSC,learn how to solve a PDF problem,education,guide,REVIEW_IF_SAME_INTENT,How to Combine Screenshots Into One PDF | LiftPDF,How to Combine Screenshots Into One PDF
https://liftpdf.com/guides/turn-school-assignment-photos-into-pdf,guides/turn school assignment photos into pdf,TBD_FROM_GSC,learn how to solve a PDF problem,education,guide,REVIEW_IF_SAME_INTENT,How to Turn School Assignment Photos Into a PDF | LiftPDF,How to Turn School Assignment Photos Into a PDF
https://liftpdf.com/guides/remove-blank-pages-from-pdf,guides/remove blank pages from pdf,TBD_FROM_GSC,learn how to solve a PDF problem,education,guide,REVIEW_IF_SAME_INTENT,How to Remove Blank Pages From a PDF | LiftPDF,How to Remove Blank Pages From a PDF
https://liftpdf.com/guides/fix-pdf-pages-out-of-order,guides/fix pdf pages out of order,TBD_FROM_GSC,learn how to solve a PDF problem,education,guide,REVIEW_IF_SAME_INTENT,How to Fix PDF Pages Out of Order | LiftPDF,How to Fix PDF Pages Out of Order
https://liftpdf.com/guides/rotate-scanned-pdf-pages,guides/rotate scanned pdf pages,TBD_FROM_GSC,learn how to solve a PDF problem,education,guide,REVIEW_IF_SAME_INTENT,How to Rotate Scanned PDF Pages | LiftPDF,How to Rotate Scanned PDF Pages
https://liftpdf.com/guides/add-page-numbers-to-pdf-report,guides/add page numbers to pdf report,TBD_FROM_GSC,learn how to solve a PDF problem,education,guide,REVIEW_IF_SAME_INTENT,How to Add Page Numbers to a PDF Report | LiftPDF,How to Add Page Numbers to a PDF Report
https://liftpdf.com/guides/add-confidential-watermark-to-pdf,guides/add confidential watermark to pdf,TBD_FROM_GSC,learn how to solve a PDF problem,education,guide,REVIEW_IF_SAME_INTENT,How to Add a Confidential Watermark to a PDF | LiftPDF,How to Add a Confidential Watermark to a PDF
https://liftpdf.com/guides/extract-text-from-pdf-without-ocr,guides/extract text from pdf without ocr,TBD_FROM_GSC,learn how to solve a PDF problem,education,guide,REVIEW_IF_SAME_INTENT,Extract Text From PDF Without OCR: What Is Possible? | LiftPDF,Extract Text From PDF Without OCR
https://liftpdf.com/guides/why-pdf-text-extraction-fails,guides/why pdf text extraction fails,TBD_FROM_GSC,learn how to solve a PDF problem,education,guide,REVIEW_IF_SAME_INTENT,Why PDF Text Extraction Fails | LiftPDF,Why PDF Text Extraction Fails
https://liftpdf.com/guides/split-pdf-into-separate-pages,guides/split pdf into separate pages,TBD_FROM_GSC,learn how to solve a PDF problem,education,guide,REVIEW_IF_SAME_INTENT,How to Split a PDF Into Separate Pages | LiftPDF,How to Split a PDF Into Separate Pages
https://liftpdf.com/guides/split-pdf-by-page-range,guides/split pdf by page range,TBD_FROM_GSC,learn how to solve a PDF problem,education,guide,REVIEW_IF_SAME_INTENT,How to Split a PDF by Page Range | LiftPDF,How to Split a PDF by Page Range
https://liftpdf.com/guides/save-selected-pages-from-pdf,guides/save selected pages from pdf,TBD_FROM_GSC,learn how to solve a PDF problem,education,guide,REVIEW_IF_SAME_INTENT,How to Save Selected Pages From a PDF | LiftPDF,How to Save Selected Pages From a PDF
https://liftpdf.com/guides/delete-pages-from-pdf-before-sending,guides/delete pages from pdf before sending,TBD_FROM_GSC,learn how to solve a PDF problem,education,guide,REVIEW_IF_SAME_INTENT,Delete Pages From a PDF Before Sending It | LiftPDF,Delete Pages From a PDF Before Sending It
https://liftpdf.com/guides/organize-pdf-before-printing,guides/organize pdf before printing,TBD_FROM_GSC,learn how to solve a PDF problem,education,guide,REVIEW_IF_SAME_INTENT,How to Organize a PDF Before Printing | LiftPDF,How to Organize a PDF Before Printing
https://liftpdf.com/guides/prepare-pdf-for-email,guides/prepare pdf for email,TBD_FROM_GSC,learn how to solve a PDF problem,education,guide,REVIEW_IF_SAME_INTENT,How to Prepare a PDF for Email | LiftPDF,How to Prepare a PDF for Email
https://liftpdf.com/guides/rotate-pdf-before-upload,guides/rotate pdf before upload,TBD_FROM_GSC,learn how to solve a PDF problem,education,guide,REVIEW_IF_SAME_INTENT,Rotate PDF Before Upload: Fix Sideways Pages | LiftPDF,Rotate PDF Before Upload
https://liftpdf.com/guides/watermark-pdf-before-sharing,guides/watermark pdf before sharing,TBD_FROM_GSC,learn how to solve a PDF problem,education,guide,REVIEW_IF_SAME_INTENT,"Watermark PDF Before Sharing: Draft, Review, Confidential | LiftPDF",Watermark PDF Before Sharing
https://liftpdf.com/guides/add-page-numbers-before-sharing-pdf,guides/add page numbers before sharing pdf,TBD_FROM_GSC,learn how to solve a PDF problem,education,guide,REVIEW_IF_SAME_INTENT,Add Page Numbers Before Sharing a PDF | LiftPDF,Add Page Numbers Before Sharing a PDF
https://liftpdf.com/guides/extract-pdf-pages-for-email,guides/extract pdf pages for email,TBD_FROM_GSC,learn how to solve a PDF problem,education,guide,REVIEW_IF_SAME_INTENT,How to Extract PDF Pages for Email | LiftPDF,How to Extract PDF Pages for Email