page,src,alt,width,height,status
https://liftpdf.com,https://liftpdf.com/images/editorial/pdf-document-structure-diagram.svg,PDF document structure diagram showing pages text images metadata and links,1200,720,OK
https://liftpdf.com/pdf-converter,https://liftpdf.com/_next/image?url=%2Fimages%2Fseo%2Fjpg-to-pdf%2Fjpg-to-pdf-preview.webp&w=3840&q=75,LiftPDF JPG to PDF live page preview,1280,860,OK
https://liftpdf.com/pdf-converter,https://liftpdf.com/_next/image?url=%2Fimages%2Fseo%2Fjpg-to-pdf%2Fjpg-to-pdf-after.webp&w=3840&q=75,LiftPDF JPG to PDF successful conversion state,1280,860,OK
https://liftpdf.com/pdf-editor,https://liftpdf.com/_next/image?url=%2Fimages%2Fseo%2Fmerge-pdf%2Fmerge-pdf-before.webp&w=3840&q=75,LiftPDF PDF workflow preview before export,1280,860,OK
https://liftpdf.com/pdf-editor,https://liftpdf.com/_next/image?url=%2Fimages%2Fseo%2Fmerge-pdf%2Fmerge-pdf-after.webp&w=3840&q=75,LiftPDF PDF success state after export,1280,860,OK
https://liftpdf.com/pdf-image-tools,https://liftpdf.com/_next/image?url=%2Fimages%2Fseo%2Fjpg-to-pdf%2Fjpg-to-pdf-before.webp&w=3840&q=75,LiftPDF JPG to PDF selected images before conversion,1280,860,OK
https://liftpdf.com/pdf-image-tools,https://liftpdf.com/_next/image?url=%2Fimages%2Fseo%2Fjpg-to-pdf%2Fjpg-to-pdf-preview.webp&w=3840&q=75,LiftPDF JPG to PDF live page preview,1280,860,OK
https://liftpdf.com/organize-pdf,https://liftpdf.com/_next/image?url=%2Fimages%2Fseo%2Fmerge-pdf%2Fmerge-pdf-before.webp&w=3840&q=75,LiftPDF Merge PDF file order preview,1280,860,OK
https://liftpdf.com/organize-pdf,https://liftpdf.com/_next/image?url=%2Fimages%2Fseo%2Fmerge-pdf%2Fmerge-pdf-after.webp&w=3840&q=75,LiftPDF Merge PDF successful export state,1280,860,OK
https://liftpdf.com/learn,https://liftpdf.com/_next/image?url=%2Fimages%2Flearn%2Flearning-center-hero.webp&w=640&q=75,"LiftPDF Learning Center visual with guides, tools and PDF workflow cards",1200,720,OK
https://liftpdf.com/learn,https://liftpdf.com/_next/image?url=%2Fimages%2Fseo%2Fextract-pages%2Fextract-pages-before.png&w=384&q=75,LiftPDF Extract Pages visual page picker with PDF thumbnails,1280,860,OK
https://liftpdf.com/learn,https://liftpdf.com/_next/image?url=%2Fimages%2Fseo%2Fmerge-pdf%2Fmerge-pdf-workflow.webp&w=3840&q=75,"LiftPDF Merge PDF workflow with upload, preview and download steps",1280,860,OK
https://liftpdf.com/learn,https://liftpdf.com/_next/image?url=%2Fimages%2Fseo%2Fjpg-to-pdf%2Fjpg-to-pdf-workflow.webp&w=3840&q=75,"LiftPDF JPG to PDF workflow with upload, preview and download",1280,860,OK
https://liftpdf.com/learn,https://liftpdf.com/_next/image?url=%2Fimages%2Flearn%2Fpdf-security.webp&w=3840&q=75,PDF security learning visual with protected document,1200,720,OK
https://liftpdf.com/learn,https://liftpdf.com/_next/image?url=%2Fimages%2Flearn%2Fpdf-basics.webp&w=3840&q=75,Illustrated PDF basics workflow with pages and document blocks,1200,720,OK
https://liftpdf.com/learn,https://liftpdf.com/_next/image?url=%2Fimages%2Flearn%2Fconvert-pdf.webp&w=3840&q=75,PDF conversion workflow showing files changing formats,1200,720,OK
https://liftpdf.com/learn,https://liftpdf.com/_next/image?url=%2Fimages%2Flearn%2Forganize-pdf.webp&w=3840&q=75,Organize PDF visual with pages being merged and reordered,1200,720,OK
https://liftpdf.com/learn,https://liftpdf.com/_next/image?url=%2Fimages%2Flearn%2Fedit-pdf.webp&w=3840&q=75,PDF editing visual with page numbers watermark and rotation,1200,720,OK
https://liftpdf.com/learn,https://liftpdf.com/_next/image?url=%2Fimages%2Flearn%2Fpdf-security.webp&w=3840&q=75,PDF security visual with password protection and encryption,1200,720,OK
https://liftpdf.com/learn,https://liftpdf.com/_next/image?url=%2Fimages%2Flearn%2Fpdf-images.webp&w=3840&q=75,PDF image formats visual with JPG PNG and PDF pages,1200,720,OK
https://liftpdf.com/learn,https://liftpdf.com/_next/image?url=%2Fimages%2Flearn%2Fscanned-vs-searchable-pdf.webp&w=3840&q=75,Troubleshooting visual comparing scanned and searchable PDFs,1200,720,OK
https://liftpdf.com/learn,https://liftpdf.com/_next/image?url=%2Fimages%2Flearn%2Fjpg-vs-png.webp&w=3840&q=75,Comparison visual with image and PDF format cards,1200,720,OK
https://liftpdf.com/guides,https://liftpdf.com/_next/image?url=%2Fimages%2Flearn%2Fpdf-basics.webp&w=828&q=75,PDF basics learning visual with document workflow,1200,720,OK
https://liftpdf.com/guides,https://liftpdf.com/_next/image?url=%2Fimages%2Fseo%2Fextract-pages%2Fextract-pages-before.png&w=384&q=75,LiftPDF Extract Pages visual page picker with PDF thumbnails,1280,860,OK
https://liftpdf.com/guides,https://liftpdf.com/_next/image?url=%2Fimages%2Fseo%2Fmerge-pdf%2Fmerge-pdf-workflow.webp&w=384&q=75,"LiftPDF Merge PDF workflow with upload, preview and download steps",1280,860,OK
https://liftpdf.com/guides,https://liftpdf.com/_next/image?url=%2Fimages%2Fseo%2Fjpg-to-pdf%2Fjpg-to-pdf-workflow.webp&w=384&q=75,"LiftPDF JPG to PDF workflow with upload, preview and download",1280,860,OK
https://liftpdf.com/guides,https://liftpdf.com/_next/image?url=%2Fimages%2Flearn%2Fpdf-security.webp&w=384&q=75,PDF security learning visual with protected document,1200,720,OK
https://liftpdf.com/guides,https://liftpdf.com/images/editorial/pdf-editing-controls-workflow.svg,"PDF editing controls workflow showing rotate, watermark and page number actions",1200,720,OK
https://liftpdf.com/guides,https://liftpdf.com/images/editorial/compress-pdf-without-quality-loss.svg,PDF compression workflow showing file size reduction while checking readability,1200,720,OK
https://liftpdf.com/guides,https://liftpdf.com/images/editorial/save-selected-pdf-pages-workflow.svg,Selected PDF pages workflow showing one page and multiple selected pages saved as a new PDF,1200,720,OK
https://liftpdf.com/guides,https://liftpdf.com/_next/image?url=%2Fimages%2Fseo%2Fextract-pages%2Fextract-pages-after.png&w=384&q=75,LiftPDF Extract Pages success state after selected pages are exported,1280,860,OK
https://liftpdf.com/guides,https://liftpdf.com/images/editorial/selectable-text-vs-scanned-text.svg,Selectable PDF text compared with scanned image-only PDF text,1200,720,OK
https://liftpdf.com/guides,https://liftpdf.com/_next/image?url=%2Fimages%2Fseo%2Fjpg-to-pdf%2Fjpg-to-pdf-after.webp&w=384&q=75,LiftPDF JPG to PDF success state after creating a PDF,1280,860,OK
https://liftpdf.com/guides,https://liftpdf.com/images/editorial/pdf-report-polish-workflow.svg,"PDF report polish workflow with page numbers, watermark and final download",1200,720,OK
https://liftpdf.com/guides,https://liftpdf.com/images/editorial/pdf-report-polish-workflow.svg,"PDF report polish workflow with page numbers, watermark and final download",1200,720,OK
https://liftpdf.com/guides,https://liftpdf.com/_next/image?url=%2Fimages%2Flearn%2Forganize-pdf.webp&w=384&q=75,Organize PDF visual with pages being merged and reordered,1200,720,OK
https://liftpdf.com/guides,https://liftpdf.com/images/editorial/phone-photos-to-pdf-workflow.svg,Phone photos to PDF workflow with receipts screenshots and school documents,1200,720,OK
https://liftpdf.com/guides,https://liftpdf.com/images/editorial/compress-pdf-without-quality-loss.svg,PDF compression workflow showing file size reduction while checking readability,1200,720,OK
https://liftpdf.com/guides,https://liftpdf.com/_next/image?url=%2Fimages%2Fseo%2Fjpg-to-pdf%2Fjpg-to-pdf-workflow.webp&w=384&q=75,"LiftPDF JPG to PDF workflow with upload, preview and download",1280,860,OK
https://liftpdf.com/guides,https://liftpdf.com/_next/image?url=%2Fimages%2Fseo%2Fjpg-to-pdf%2Fjpg-to-pdf-after.webp&w=384&q=75,LiftPDF JPG to PDF success state after creating a PDF,1280,860,OK
https://liftpdf.com/guides,https://liftpdf.com/_next/image?url=%2Fimages%2Fseo%2Fjpg-to-pdf%2Fjpg-to-pdf-preview.webp&w=3840&q=75,LiftPDF JPG to PDF live page preview with layout settings,1280,860,OK
https://liftpdf.com/guides,https://liftpdf.com/_next/image?url=%2Fimages%2Fseo%2Fjpg-to-pdf%2Fjpg-to-pdf-before.webp&w=3840&q=75,LiftPDF JPG to PDF before conversion with selected images,1280,860,OK
https://liftpdf.com/guides,https://liftpdf.com/images/editorial/pdf-to-image-workflow.svg,PDF to image workflow showing PDF pages exported as JPG or PNG files,1200,720,OK
https://liftpdf.com/guides,https://liftpdf.com/images/editorial/pdf-to-image-workflow.svg,PDF to image workflow showing PDF pages exported as JPG or PNG files,1200,720,OK
https://liftpdf.com/guides,https://liftpdf.com/images/editorial/phone-photos-to-pdf-workflow.svg,Phone photos to PDF workflow with receipts screenshots and school documents,1200,720,OK
https://liftpdf.com/guides,https://liftpdf.com/images/editorial/selectable-text-vs-scanned-text.svg,Selectable PDF text compared with scanned image-only PDF text,1200,720,OK
https://liftpdf.com/guides,https://liftpdf.com/_next/image?url=%2Fimages%2Fseo%2Fextract-pages%2Fextract-pages-before.png&w=384&q=75,LiftPDF Extract Pages visual page picker with PDF thumbnails,1280,860,OK
https://liftpdf.com/guides,https://liftpdf.com/_next/image?url=%2Fimages%2Fseo%2Fextract-pages%2Fextract-pages-before.png&w=384&q=75,LiftPDF Extract Pages visual page picker with PDF thumbnails,1280,860,OK
https://liftpdf.com/guides,https://liftpdf.com/_next/image?url=%2Fimages%2Fseo%2Fextract-pages%2Fextract-pages-after.png&w=384&q=75,LiftPDF Extract Pages success state after selected pages are exported,1280,860,OK
https://liftpdf.com/guides,https://liftpdf.com/_next/image?url=%2Fimages%2Fseo%2Fextract-pages%2Fextract-pages-before.png&w=384&q=75,LiftPDF Extract Pages visual page picker with PDF thumbnails,1280,860,OK
https://liftpdf.com/guides,https://liftpdf.com/_next/image?url=%2Fimages%2Fseo%2Fextract-pages%2Fextract-pages-before.png&w=384&q=75,LiftPDF Extract Pages visual page picker with PDF thumbnails,1280,860,OK
https://liftpdf.com/guides,https://liftpdf.com/images/editorial/save-selected-pdf-pages-workflow.svg,Selected PDF pages workflow showing one page and multiple selected pages saved as a new PDF,1200,720,OK
https://liftpdf.com/guides,https://liftpdf.com/_next/image?url=%2Fimages%2Fseo%2Fextract-pages%2Fextract-pages-after.png&w=384&q=75,LiftPDF Extract Pages success state after selected pages are exported,1280,860,OK
https://liftpdf.com/guides,https://liftpdf.com/images/editorial/pdf-page-cleanup-workflow.svg,"PDF page cleanup workflow showing blank pages removal, rotation and page order",1200,720,OK
https://liftpdf.com/guides,https://liftpdf.com/_next/image?url=%2Fimages%2Fseo%2Fjpg-to-pdf%2Fjpg-to-pdf-preview.webp&w=3840&q=75,LiftPDF JPG to PDF live page preview with layout settings,1280,860,OK
https://liftpdf.com/guides,https://liftpdf.com/_next/image?url=%2Fimages%2Flearn%2Fpdf-images.webp&w=384&q=75,PDF and image formats learning visual,1200,720,OK
https://liftpdf.com/guides,https://liftpdf.com/images/editorial/online-pdf-submission-workflow.svg,"Online PDF submission workflow with file size, page order and upload checks",1200,720,OK
https://liftpdf.com/guides,https://liftpdf.com/_next/image?url=%2Fimages%2Fseo%2Fmerge-pdf%2Fmerge-pdf-workflow.webp&w=384&q=75,"LiftPDF Merge PDF workflow with upload, preview and download steps",1280,860,OK
https://liftpdf.com/guides,https://liftpdf.com/_next/image?url=%2Fimages%2Fseo%2Fmerge-pdf%2Fmerge-pdf-workflow.webp&w=384&q=75,"LiftPDF Merge PDF workflow with upload, preview and download steps",1280,860,OK
https://liftpdf.com/guides,https://liftpdf.com/_next/image?url=%2Fimages%2Fseo%2Fmerge-pdf%2Fmerge-pdf-workflow.webp&w=384&q=75,"LiftPDF Merge PDF workflow with upload, preview and download steps",1280,860,OK
https://liftpdf.com/guides,https://liftpdf.com/_next/image?url=%2Fimages%2Fseo%2Fmerge-pdf%2Fmerge-pdf-before.webp&w=3840&q=75,LiftPDF Merge PDF before export with selected PDF files,1280,860,OK
https://liftpdf.com/guides,https://liftpdf.com/images/editorial/pdf-final-checklist-workflow.svg,"Final PDF checklist workflow showing page order, file size, numbering and download checks",1200,720,OK
https://liftpdf.com/guides,https://liftpdf.com/_next/image?url=%2Fimages%2Flearn%2Forganize-pdf.webp&w=384&q=75,Organize PDF visual with pages being merged and reordered,1200,720,OK
https://liftpdf.com/guides,https://liftpdf.com/images/editorial/pdf-final-checklist-workflow.svg,"Final PDF checklist workflow showing page order, file size, numbering and download checks",1200,720,OK
https://liftpdf.com/guides,https://liftpdf.com/_next/image?url=%2Fimages%2Flearn%2Fpdf-basics.webp&w=384&q=75,PDF basics learning visual with document workflow,1200,720,OK
https://liftpdf.com/guides,https://liftpdf.com/images/editorial/pdf-password-workflow.svg,"PDF password workflow showing protected file, known password and unlocked result",1200,720,OK
https://liftpdf.com/guides,https://liftpdf.com/_next/image?url=%2Fimages%2Flearn%2Fpdf-basics.webp&w=384&q=75,PDF basics learning visual with document workflow,1200,720,OK
https://liftpdf.com/guides,https://liftpdf.com/images/editorial/compress-pdf-without-quality-loss.svg,PDF compression workflow showing file size reduction while checking readability,1200,720,OK
https://liftpdf.com/guides,https://liftpdf.com/images/editorial/pdf-page-cleanup-workflow.svg,"PDF page cleanup workflow showing blank pages removal, rotation and page order",1200,720,OK
https://liftpdf.com/guides,https://liftpdf.com/images/editorial/pdf-page-cleanup-workflow.svg,"PDF page cleanup workflow showing blank pages removal, rotation and page order",1200,720,OK
https://liftpdf.com/guides,https://liftpdf.com/images/editorial/save-selected-pdf-pages-workflow.svg,Selected PDF pages workflow showing one page and multiple selected pages saved as a new PDF,1200,720,OK
https://liftpdf.com/guides,https://liftpdf.com/images/editorial/split-pdf-page-range-workflow.svg,Split PDF workflow showing page ranges becoming separate PDF outputs,1200,720,OK
https://liftpdf.com/guides,https://liftpdf.com/images/editorial/split-pdf-page-range-workflow.svg,Split PDF workflow showing page ranges becoming separate PDF outputs,1200,720,OK
https://liftpdf.com/guides,https://liftpdf.com/images/editorial/selectable-text-vs-scanned-text.svg,Selectable PDF text compared with scanned image-only PDF text,1200,720,OK
https://liftpdf.com/guides,https://liftpdf.com/_next/image?url=%2Fimages%2Flearn%2Fpdf-images.webp&w=384&q=75,PDF and image formats learning visual,1200,720,OK
https://liftpdf.com/guides,https://liftpdf.com/images/editorial/phone-photos-to-pdf-workflow.svg,Phone photos to PDF workflow with receipts screenshots and school documents,1200,720,OK
https://liftpdf.com/guides,https://liftpdf.com/images/editorial/pdf-password-workflow.svg,"PDF password workflow showing protected file, known password and unlocked result",1200,720,OK
https://liftpdf.com/guides,https://liftpdf.com/_next/image?url=%2Fimages%2Fseo%2Fjpg-to-pdf%2Fjpg-to-pdf-preview.webp&w=3840&q=75,LiftPDF JPG to PDF live page preview with layout settings,1280,860,OK
https://liftpdf.com/guides,https://liftpdf.com/_next/image?url=%2Fimages%2Fseo%2Fjpg-to-pdf%2Fjpg-to-pdf-workflow.webp&w=384&q=75,"LiftPDF JPG to PDF workflow with upload, preview and download",1280,860,OK
https://liftpdf.com/guides,https://liftpdf.com/_next/image?url=%2Fimages%2Fseo%2Fjpg-to-pdf%2Fjpg-to-pdf-after.webp&w=384&q=75,LiftPDF JPG to PDF success state after creating a PDF,1280,860,OK
https://liftpdf.com/guides,https://liftpdf.com/_next/image?url=%2Fimages%2Fseo%2Fjpg-to-pdf%2Fjpg-to-pdf-after.webp&w=384&q=75,LiftPDF JPG to PDF success state after creating a PDF,1280,860,OK
https://liftpdf.com/guides,https://liftpdf.com/_next/image?url=%2Fimages%2Fseo%2Fjpg-to-pdf%2Fjpg-to-pdf-workflow.webp&w=384&q=75,"LiftPDF JPG to PDF workflow with upload, preview and download",1280,860,OK
https://liftpdf.com/guides,https://liftpdf.com/_next/image?url=%2Fimages%2Flearn%2Fpdf-images.webp&w=384&q=75,PDF and image formats learning visual,1200,720,OK
https://liftpdf.com/guides,https://liftpdf.com/_next/image?url=%2Fimages%2Fseo%2Fjpg-to-pdf%2Fjpg-to-pdf-workflow.webp&w=384&q=75,"LiftPDF JPG to PDF workflow with upload, preview and download",1280,860,OK
https://liftpdf.com/guides,https://liftpdf.com/_next/image?url=%2Fimages%2Fseo%2Fmerge-pdf%2Fmerge-pdf-workflow.webp&w=384&q=75,"LiftPDF Merge PDF workflow with upload, preview and download steps",1280,860,OK
https://liftpdf.com/guides,https://liftpdf.com/_next/image?url=%2Fimages%2Fseo%2Fmerge-pdf%2Fmerge-pdf-after.webp&w=3840&q=75,LiftPDF Merge PDF success state after creating a merged document,1280,860,OK
https://liftpdf.com/guides,https://liftpdf.com/_next/image?url=%2Fimages%2Fseo%2Fmerge-pdf%2Fmerge-pdf-before.webp&w=3840&q=75,LiftPDF Merge PDF before export with selected PDF files,1280,860,OK
https://liftpdf.com/guides,https://liftpdf.com/_next/image?url=%2Fimages%2Fseo%2Fmerge-pdf%2Fmerge-pdf-workflow.webp&w=384&q=75,"LiftPDF Merge PDF workflow with upload, preview and download steps",1280,860,OK
https://liftpdf.com/guides,https://liftpdf.com/_next/image?url=%2Fimages%2Fseo%2Fmerge-pdf%2Fmerge-pdf-after.webp&w=3840&q=75,LiftPDF Merge PDF success state after creating a merged document,1280,860,OK
https://liftpdf.com/guides,https://liftpdf.com/_next/image?url=%2Fimages%2Fseo%2Fmerge-pdf%2Fmerge-pdf-after.webp&w=3840&q=75,LiftPDF Merge PDF success state after creating a merged document,1280,860,OK
https://liftpdf.com/guides,https://liftpdf.com/_next/image?url=%2Fimages%2Fseo%2Fmerge-pdf%2Fmerge-pdf-workflow.webp&w=384&q=75,"LiftPDF Merge PDF workflow with upload, preview and download steps",1280,860,OK
https://liftpdf.com/guides,https://liftpdf.com/images/editorial/pdf-password-workflow.svg,"PDF password workflow showing protected file, known password and unlocked result",1200,720,OK
https://liftpdf.com/guides,https://liftpdf.com/images/editorial/compress-pdf-without-quality-loss.svg,PDF compression workflow showing file size reduction while checking readability,1200,720,OK
https://liftpdf.com/guides,https://liftpdf.com/images/editorial/online-pdf-submission-workflow.svg,"Online PDF submission workflow with file size, page order and upload checks",1200,720,OK
https://liftpdf.com/guides,https://liftpdf.com/images/editorial/pdf-to-image-workflow.svg,PDF to image workflow showing PDF pages exported as JPG or PNG files,1200,720,OK
https://liftpdf.com/guides,https://liftpdf.com/_next/image?url=%2Fimages%2Flearn%2Fpdf-images.webp&w=384&q=75,PDF and image formats learning visual,1200,720,OK
https://liftpdf.com/guides,https://liftpdf.com/_next/image?url=%2Fimages%2Flearn%2Fpdf-images.webp&w=384&q=75,PDF and image formats learning visual,1200,720,OK
https://liftpdf.com/guides,https://liftpdf.com/_next/image?url=%2Fimages%2Flearn%2Fpdf-images.webp&w=384&q=75,PDF and image formats learning visual,1200,720,OK
https://liftpdf.com/guides,https://liftpdf.com/images/editorial/pdf-editing-controls-workflow.svg,"PDF editing controls workflow showing rotate, watermark and page number actions",1200,720,OK
https://liftpdf.com/guides,https://liftpdf.com/_next/image?url=%2Fimages%2Flearn%2Fscanned-vs-searchable-pdf.webp&w=384&q=75,Scanned PDF compared with searchable PDF,1200,720,OK
https://liftpdf.com/guides,https://liftpdf.com/images/editorial/pdf-editing-controls-workflow.svg,"PDF editing controls workflow showing rotate, watermark and page number actions",1200,720,OK
https://liftpdf.com/guides,https://liftpdf.com/_next/image?url=%2Fimages%2Flearn%2Fpdf-security.webp&w=384&q=75,PDF security learning visual with protected document,1200,720,OK
https://liftpdf.com/guides,https://liftpdf.com/_next/image?url=%2Fimages%2Flearn%2Fpdf-basics.webp&w=828&q=75,PDF basics learning visual with document workflow,1200,720,OK
https://liftpdf.com/guides,https://liftpdf.com/_next/image?url=%2Fimages%2Flearn%2Fpdf-security.webp&w=384&q=75,PDF security learning visual with protected document,1200,720,OK
https://liftpdf.com/guides,https://liftpdf.com/_next/image?url=%2Fimages%2Flearn%2Fpdf-basics.webp&w=828&q=75,PDF basics learning visual with document workflow,1200,720,OK
https://liftpdf.com/guides,https://liftpdf.com/_next/image?url=%2Fimages%2Flearn%2Fpdf-security.webp&w=384&q=75,PDF security learning visual with protected document,1200,720,OK
https://liftpdf.com/guides,https://liftpdf.com/_next/image?url=%2Fimages%2Flearn%2Fscanned-vs-searchable-pdf.webp&w=384&q=75,Troubleshooting visual comparing scanned and searchable PDFs,1200,720,OK
https://liftpdf.com/guides,https://liftpdf.com/images/editorial/pdf-to-image-workflow.svg,PDF to image workflow showing PDF pages exported as JPG or PNG files,1200,720,OK
https://liftpdf.com/guides,https://liftpdf.com/_next/image?url=%2Fimages%2Fseo%2Fjpg-to-pdf%2Fjpg-to-pdf-before.webp&w=3840&q=75,LiftPDF JPG to PDF before conversion with selected images,1280,860,OK
https://liftpdf.com/guides,https://liftpdf.com/images/editorial/selectable-text-vs-scanned-text.svg,Selectable PDF text compared with scanned image-only PDF text,1200,720,OK
https://liftpdf.com/guides,https://liftpdf.com/_next/image?url=%2Fimages%2Fseo%2Fmerge-pdf%2Fmerge-pdf-before.webp&w=3840&q=75,LiftPDF Merge PDF before export with selected PDF files,1280,860,OK
https://liftpdf.com/guides,https://liftpdf.com/_next/image?url=%2Fimages%2Fseo%2Fmerge-pdf%2Fmerge-pdf-after.webp&w=3840&q=75,LiftPDF Merge PDF success state after creating a merged document,1280,860,OK
https://liftpdf.com/guides,https://liftpdf.com/_next/image?url=%2Fimages%2Fseo%2Fmerge-pdf%2Fmerge-pdf-before.webp&w=3840&q=75,LiftPDF Merge PDF before export with selected PDF files,1280,860,OK
https://liftpdf.com/guides,https://liftpdf.com/_next/image?url=%2Fimages%2Fseo%2Fjpg-to-pdf%2Fjpg-to-pdf-preview.webp&w=3840&q=75,LiftPDF JPG to PDF live page preview with layout settings,1280,860,OK
https://liftpdf.com/guides,https://liftpdf.com/_next/image?url=%2Fimages%2Fseo%2Fmerge-pdf%2Fmerge-pdf-after.webp&w=3840&q=75,LiftPDF Merge PDF success state after creating a merged document,1280,860,OK
https://liftpdf.com/guides,https://liftpdf.com/_next/image?url=%2Fimages%2Fseo%2Fjpg-to-pdf%2Fjpg-to-pdf-after.webp&w=384&q=75,LiftPDF JPG to PDF success state after creating a PDF,1280,860,OK
https://liftpdf.com/guides,https://liftpdf.com/_next/image?url=%2Fimages%2Flearn%2Fscanned-vs-searchable-pdf.webp&w=384&q=75,Troubleshooting visual comparing scanned and searchable PDFs,1200,720,OK
https://liftpdf.com/guides,https://liftpdf.com/images/editorial/selectable-text-vs-scanned-text.svg,Selectable PDF text compared with scanned image-only PDF text,1200,720,OK
https://liftpdf.com/learn/pdf-basics,https://liftpdf.com/_next/image?url=%2Fimages%2Flearn%2Fpdf-basics.webp&w=828&q=75,Illustrated PDF basics workflow with pages and document blocks,1200,720,OK
https://liftpdf.com/learn/pdf-basics,https://liftpdf.com/_next/image?url=%2Fimages%2Flearn%2Fpdf-basics.webp&w=828&q=75,PDF basics learning visual with document workflow,1200,720,OK
https://liftpdf.com/learn/pdf-basics,https://liftpdf.com/_next/image?url=%2Fimages%2Flearn%2Fpdf-basics.webp&w=828&q=75,PDF basics learning visual with document workflow,1200,720,OK
https://liftpdf.com/learn/pdf-basics,https://liftpdf.com/_next/image?url=%2Fimages%2Flearn%2Fscanned-vs-searchable-pdf.webp&w=384&q=75,Troubleshooting visual comparing scanned and searchable PDFs,1200,720,OK
https://liftpdf.com/learn/pdf-basics,https://liftpdf.com/images/editorial/compress-pdf-without-quality-loss.svg,PDF compression workflow showing file size reduction while checking readability,1200,720,OK
https://liftpdf.com/learn/pdf-basics,https://liftpdf.com/images/editorial/compress-pdf-without-quality-loss.svg,PDF compression workflow showing file size reduction while checking readability,1200,720,OK
https://liftpdf.com/learn/pdf-basics,https://liftpdf.com/images/editorial/online-pdf-submission-workflow.svg,"Online PDF submission workflow with file size, page order and upload checks",1200,720,OK
https://liftpdf.com/learn/pdf-basics,https://liftpdf.com/images/editorial/online-pdf-submission-workflow.svg,"Online PDF submission workflow with file size, page order and upload checks",1200,720,OK
https://liftpdf.com/learn/pdf-basics,https://liftpdf.com/images/editorial/compress-pdf-without-quality-loss.svg,PDF compression workflow showing file size reduction while checking readability,1200,720,OK
https://liftpdf.com/learn/pdf-basics,https://liftpdf.com/_next/image?url=%2Fimages%2Flearn%2Fscanned-vs-searchable-pdf.webp&w=384&q=75,Scanned PDF compared with searchable PDF,1200,720,OK
https://liftpdf.com/learn/pdf-basics,https://liftpdf.com/images/editorial/selectable-text-vs-scanned-text.svg,Selectable PDF text compared with scanned image-only PDF text,1200,720,OK
https://liftpdf.com/learn/pdf-basics,https://liftpdf.com/_next/image?url=%2Fimages%2Flearn%2Fpdf-security.webp&w=384&q=75,PDF security learning visual with protected document,1200,720,OK
https://liftpdf.com/learn/pdf-basics,https://liftpdf.com/_next/image?url=%2Fimages%2Flearn%2Fpdf-basics.webp&w=828&q=75,PDF basics learning visual with document workflow,1200,720,OK
https://liftpdf.com/learn/convert-pdf,https://liftpdf.com/_next/image?url=%2Fimages%2Flearn%2Fconvert-pdf.webp&w=640&q=75,PDF conversion workflow showing files changing formats,1200,720,OK
https://liftpdf.com/learn/convert-pdf,https://liftpdf.com/_next/image?url=%2Fimages%2Fseo%2Fjpg-to-pdf%2Fjpg-to-pdf-workflow.webp&w=384&q=75,"LiftPDF JPG to PDF workflow with upload, preview and download",1280,860,OK
https://liftpdf.com/learn/convert-pdf,https://liftpdf.com/_next/image?url=%2Fimages%2Fseo%2Fjpg-to-pdf%2Fjpg-to-pdf-workflow.webp&w=384&q=75,"LiftPDF JPG to PDF workflow with upload, preview and download",1280,860,OK
https://liftpdf.com/learn/convert-pdf,https://liftpdf.com/_next/image?url=%2Fimages%2Fseo%2Fjpg-to-pdf%2Fjpg-to-pdf-preview.webp&w=384&q=75,LiftPDF JPG to PDF live page preview with layout settings,1280,860,OK
https://liftpdf.com/learn/convert-pdf,https://liftpdf.com/_next/image?url=%2Fimages%2Flearn%2Fpdf-images.webp&w=384&q=75,PDF and image formats learning visual,1200,720,OK
https://liftpdf.com/learn/convert-pdf,https://liftpdf.com/images/editorial/pdf-to-image-workflow.svg,PDF to image workflow showing PDF pages exported as JPG or PNG files,1200,720,OK
https://liftpdf.com/learn/convert-pdf,https://liftpdf.com/images/editorial/pdf-to-image-workflow.svg,PDF to image workflow showing PDF pages exported as JPG or PNG files,1200,720,OK
https://liftpdf.com/learn/convert-pdf,https://liftpdf.com/images/editorial/selectable-text-vs-scanned-text.svg,Selectable PDF text compared with scanned image-only PDF text,1200,720,OK
https://liftpdf.com/learn/convert-pdf,https://liftpdf.com/images/editorial/selectable-text-vs-scanned-text.svg,Selectable PDF text compared with scanned image-only PDF text,1200,720,OK
https://liftpdf.com/learn/convert-pdf,https://liftpdf.com/_next/image?url=%2Fimages%2Flearn%2Fpdf-security.webp&w=384&q=75,PDF security learning visual with protected document,1200,720,OK
https://liftpdf.com/learn/organize-pdf,https://liftpdf.com/_next/image?url=%2Fimages%2Flearn%2Forganize-pdf.webp&w=640&q=75,Organize PDF visual with pages being merged and reordered,1200,720,OK
https://liftpdf.com/learn/organize-pdf,https://liftpdf.com/_next/image?url=%2Fimages%2Fseo%2Fmerge-pdf%2Fmerge-pdf-workflow.webp&w=384&q=75,"LiftPDF Merge PDF workflow with upload, preview and download steps",1280,860,OK
https://liftpdf.com/learn/organize-pdf,https://liftpdf.com/_next/image?url=%2Fimages%2Fseo%2Fmerge-pdf%2Fmerge-pdf-workflow.webp&w=384&q=75,"LiftPDF Merge PDF workflow with upload, preview and download steps",1280,860,OK
https://liftpdf.com/learn/organize-pdf,https://liftpdf.com/_next/image?url=%2Fimages%2Flearn%2Forganize-pdf.webp&w=384&q=75,Organize PDF visual with pages being merged and reordered,1200,720,OK
https://liftpdf.com/learn/organize-pdf,https://liftpdf.com/_next/image?url=%2Fimages%2Flearn%2Forganize-pdf.webp&w=384&q=75,Organize PDF visual with pages being merged and reordered,1200,720,OK
https://liftpdf.com/learn/organize-pdf,https://liftpdf.com/images/editorial/pdf-final-checklist-workflow.svg,"Final PDF checklist workflow showing page order, file size, numbering and download checks",1200,720,OK
https://liftpdf.com/learn/organize-pdf,https://liftpdf.com/images/editorial/pdf-final-checklist-workflow.svg,"Final PDF checklist workflow showing page order, file size, numbering and download checks",1200,720,OK
https://liftpdf.com/learn/organize-pdf,https://liftpdf.com/images/editorial/pdf-page-cleanup-workflow.svg,"PDF page cleanup workflow showing blank pages removal, rotation and page order",1200,720,OK
https://liftpdf.com/learn/organize-pdf,https://liftpdf.com/images/editorial/save-selected-pdf-pages-workflow.svg,Selected PDF pages workflow showing one page and multiple selected pages saved as a new PDF,1200,720,OK
https://liftpdf.com/learn/organize-pdf,https://liftpdf.com/images/editorial/pdf-page-cleanup-workflow.svg,"PDF page cleanup workflow showing blank pages removal, rotation and page order",1200,720,OK
https://liftpdf.com/learn/organize-pdf,https://liftpdf.com/images/editorial/pdf-page-cleanup-workflow.svg,"PDF page cleanup workflow showing blank pages removal, rotation and page order",1200,720,OK
https://liftpdf.com/learn/organize-pdf,https://liftpdf.com/images/editorial/pdf-editing-controls-workflow.svg,"PDF editing controls workflow showing rotate, watermark and page number actions",1200,720,OK
https://liftpdf.com/learn/organize-pdf,https://liftpdf.com/images/editorial/pdf-report-polish-workflow.svg,"PDF report polish workflow with page numbers, watermark and final download",1200,720,OK
https://liftpdf.com/learn/organize-pdf,https://liftpdf.com/_next/image?url=%2Fimages%2Fseo%2Fextract-pages%2Fextract-pages-before.png&w=384&q=75,LiftPDF Extract Pages visual page picker with PDF thumbnails,1280,860,OK
https://liftpdf.com/learn/organize-pdf,https://liftpdf.com/_next/image?url=%2Fimages%2Fseo%2Fextract-pages%2Fextract-pages-before.png&w=384&q=75,LiftPDF Extract Pages visual page picker with PDF thumbnails,1280,860,OK
https://liftpdf.com/learn/organize-pdf,https://liftpdf.com/images/editorial/save-selected-pdf-pages-workflow.svg,Selected PDF pages workflow showing one page and multiple selected pages saved as a new PDF,1200,720,OK
https://liftpdf.com/learn/organize-pdf,https://liftpdf.com/images/editorial/split-pdf-page-range-workflow.svg,Split PDF workflow showing page ranges becoming separate PDF outputs,1200,720,OK
https://liftpdf.com/learn/organize-pdf,https://liftpdf.com/images/editorial/split-pdf-page-range-workflow.svg,Split PDF workflow showing page ranges becoming separate PDF outputs,1200,720,OK
https://liftpdf.com/learn/organize-pdf,https://liftpdf.com/images/editorial/save-selected-pdf-pages-workflow.svg,Selected PDF pages workflow showing one page and multiple selected pages saved as a new PDF,1200,720,OK
https://liftpdf.com/learn/organize-pdf,https://liftpdf.com/_next/image?url=%2Fimages%2Fseo%2Fmerge-pdf%2Fmerge-pdf-workflow.webp&w=384&q=75,"LiftPDF Merge PDF workflow with upload, preview and download steps",1280,860,OK
https://liftpdf.com/learn/edit-pdf,https://liftpdf.com/_next/image?url=%2Fimages%2Flearn%2Fedit-pdf.webp&w=640&q=75,PDF editing visual with page numbers watermark and rotation,1200,720,OK
https://liftpdf.com/learn/edit-pdf,https://liftpdf.com/_next/image?url=%2Fimages%2Flearn%2Fpdf-basics.webp&w=828&q=75,PDF basics learning visual with document workflow,1200,720,OK
https://liftpdf.com/learn/edit-pdf,https://liftpdf.com/_next/image?url=%2Fimages%2Flearn%2Fpdf-basics.webp&w=828&q=75,PDF basics learning visual with document workflow,1200,720,OK
https://liftpdf.com/learn/edit-pdf,https://liftpdf.com/images/editorial/compress-pdf-without-quality-loss.svg,PDF compression workflow showing file size reduction while checking readability,1200,720,OK
https://liftpdf.com/learn/edit-pdf,https://liftpdf.com/images/editorial/compress-pdf-without-quality-loss.svg,PDF compression workflow showing file size reduction while checking readability,1200,720,OK
https://liftpdf.com/learn/edit-pdf,https://liftpdf.com/images/editorial/compress-pdf-without-quality-loss.svg,PDF compression workflow showing file size reduction while checking readability,1200,720,OK
https://liftpdf.com/learn/edit-pdf,https://liftpdf.com/images/editorial/online-pdf-submission-workflow.svg,"Online PDF submission workflow with file size, page order and upload checks",1200,720,OK
https://liftpdf.com/learn/edit-pdf,https://liftpdf.com/images/editorial/online-pdf-submission-workflow.svg,"Online PDF submission workflow with file size, page order and upload checks",1200,720,OK
https://liftpdf.com/learn/edit-pdf,https://liftpdf.com/images/editorial/compress-pdf-without-quality-loss.svg,PDF compression workflow showing file size reduction while checking readability,1200,720,OK
https://liftpdf.com/learn/edit-pdf,https://liftpdf.com/_next/image?url=%2Fimages%2Fseo%2Fmerge-pdf%2Fmerge-pdf-after.webp&w=384&q=75,LiftPDF Merge PDF success state after creating a merged document,1280,860,OK
https://liftpdf.com/learn/edit-pdf,https://liftpdf.com/_next/image?url=%2Fimages%2Flearn%2Fscanned-vs-searchable-pdf.webp&w=384&q=75,Troubleshooting visual comparing scanned and searchable PDFs,1200,720,OK
https://liftpdf.com/learn/edit-pdf,https://liftpdf.com/_next/image?url=%2Fimages%2Fseo%2Fjpg-to-pdf%2Fjpg-to-pdf-preview.webp&w=384&q=75,LiftPDF JPG to PDF live page preview with layout settings,1280,860,OK
https://liftpdf.com/learn/edit-pdf,https://liftpdf.com/images/editorial/pdf-report-polish-workflow.svg,"PDF report polish workflow with page numbers, watermark and final download",1200,720,OK
https://liftpdf.com/learn/edit-pdf,https://liftpdf.com/images/editorial/pdf-editing-controls-workflow.svg,"PDF editing controls workflow showing rotate, watermark and page number actions",1200,720,OK
https://liftpdf.com/learn/edit-pdf,https://liftpdf.com/images/editorial/pdf-report-polish-workflow.svg,"PDF report polish workflow with page numbers, watermark and final download",1200,720,OK
https://liftpdf.com/learn/edit-pdf,https://liftpdf.com/images/editorial/pdf-editing-controls-workflow.svg,"PDF editing controls workflow showing rotate, watermark and page number actions",1200,720,OK
https://liftpdf.com/learn/pdf-security,https://liftpdf.com/_next/image?url=%2Fimages%2Flearn%2Fpdf-security.webp&w=640&q=75,PDF security visual with password protection and encryption,1200,720,OK
https://liftpdf.com/learn/pdf-security,https://liftpdf.com/_next/image?url=%2Fimages%2Flearn%2Fpdf-security.webp&w=384&q=75,PDF security learning visual with protected document,1200,720,OK
https://liftpdf.com/learn/pdf-security,https://liftpdf.com/_next/image?url=%2Fimages%2Flearn%2Fpdf-security.webp&w=384&q=75,PDF security learning visual with protected document,1200,720,OK
https://liftpdf.com/learn/pdf-security,https://liftpdf.com/images/editorial/pdf-password-workflow.svg,"PDF password workflow showing protected file, known password and unlocked result",1200,720,OK
https://liftpdf.com/learn/pdf-security,https://liftpdf.com/images/editorial/pdf-report-polish-workflow.svg,"PDF report polish workflow with page numbers, watermark and final download",1200,720,OK
https://liftpdf.com/learn/pdf-security,https://liftpdf.com/images/editorial/pdf-password-workflow.svg,"PDF password workflow showing protected file, known password and unlocked result",1200,720,OK
https://liftpdf.com/learn/pdf-security,https://liftpdf.com/images/editorial/pdf-password-workflow.svg,"PDF password workflow showing protected file, known password and unlocked result",1200,720,OK
https://liftpdf.com/learn/pdf-security,https://liftpdf.com/_next/image?url=%2Fimages%2Flearn%2Fpdf-security.webp&w=384&q=75,PDF security learning visual with protected document,1200,720,OK
https://liftpdf.com/learn/pdf-security,https://liftpdf.com/_next/image?url=%2Fimages%2Fseo%2Fextract-pages%2Fextract-pages-after.png&w=384&q=75,LiftPDF Extract Pages success state after selected pages are exported,1280,860,OK
https://liftpdf.com/learn/pdf-images,https://liftpdf.com/_next/image?url=%2Fimages%2Flearn%2Fpdf-images.webp&w=640&q=75,PDF image formats visual with JPG PNG and PDF pages,1200,720,OK
https://liftpdf.com/learn/pdf-images,https://liftpdf.com/_next/image?url=%2Fimages%2Fseo%2Fjpg-to-pdf%2Fjpg-to-pdf-workflow.webp&w=384&q=75,"LiftPDF JPG to PDF workflow with upload, preview and download",1280,860,OK
https://liftpdf.com/learn/pdf-images,https://liftpdf.com/_next/image?url=%2Fimages%2Flearn%2Fpdf-images.webp&w=384&q=75,PDF and image formats learning visual,1200,720,OK
https://liftpdf.com/learn/pdf-images,https://liftpdf.com/_next/image?url=%2Fimages%2Flearn%2Fpdf-images.webp&w=384&q=75,PDF and image formats learning visual,1200,720,OK
https://liftpdf.com/learn/pdf-images,https://liftpdf.com/_next/image?url=%2Fimages%2Flearn%2Fpdf-images.webp&w=384&q=75,PDF and image formats learning visual,1200,720,OK
https://liftpdf.com/learn/pdf-images,https://liftpdf.com/_next/image?url=%2Fimages%2Flearn%2Fpdf-images.webp&w=384&q=75,PDF and image formats learning visual,1200,720,OK
https://liftpdf.com/learn/pdf-images,https://liftpdf.com/images/editorial/pdf-to-image-workflow.svg,PDF to image workflow showing PDF pages exported as JPG or PNG files,1200,720,OK
https://liftpdf.com/learn/pdf-images,https://liftpdf.com/images/editorial/pdf-to-image-workflow.svg,PDF to image workflow showing PDF pages exported as JPG or PNG files,1200,720,OK
https://liftpdf.com/learn/pdf-images,https://liftpdf.com/images/editorial/pdf-to-image-workflow.svg,PDF to image workflow showing PDF pages exported as JPG or PNG files,1200,720,OK
https://liftpdf.com/learn/pdf-images,https://liftpdf.com/images/editorial/pdf-to-image-workflow.svg,PDF to image workflow showing PDF pages exported as JPG or PNG files,1200,720,OK
https://liftpdf.com/learn/pdf-images,https://liftpdf.com/images/editorial/phone-photos-to-pdf-workflow.svg,Phone photos to PDF workflow with receipts screenshots and school documents,1200,720,OK
https://liftpdf.com/learn/pdf-images,https://liftpdf.com/images/editorial/phone-photos-to-pdf-workflow.svg,Phone photos to PDF workflow with receipts screenshots and school documents,1200,720,OK
https://liftpdf.com/learn/pdf-images,https://liftpdf.com/images/editorial/phone-photos-to-pdf-workflow.svg,Phone photos to PDF workflow with receipts screenshots and school documents,1200,720,OK
https://liftpdf.com/learn/pdf-images,https://liftpdf.com/_next/image?url=%2Fimages%2Fseo%2Fjpg-to-pdf%2Fjpg-to-pdf-before.webp&w=384&q=75,LiftPDF JPG to PDF before conversion with selected images,1280,860,OK
https://liftpdf.com/learn/pdf-images,https://liftpdf.com/_next/image?url=%2Fimages%2Flearn%2Fpdf-images.webp&w=384&q=75,PDF and image formats learning visual,1200,720,OK
https://liftpdf.com/learn/pdf-images,https://liftpdf.com/_next/image?url=%2Fimages%2Fseo%2Fjpg-to-pdf%2Fjpg-to-pdf-preview.webp&w=384&q=75,LiftPDF JPG to PDF live page preview with layout settings,1280,860,OK
https://liftpdf.com/learn/troubleshooting,https://liftpdf.com/_next/image?url=%2Fimages%2Flearn%2Fscanned-vs-searchable-pdf.webp&w=640&q=75,Troubleshooting visual comparing scanned and searchable PDFs,1200,720,OK
https://liftpdf.com/learn/troubleshooting,https://liftpdf.com/_next/image?url=%2Fimages%2Fseo%2Fmerge-pdf%2Fmerge-pdf-before.webp&w=384&q=75,LiftPDF Merge PDF before export with selected PDF files,1280,860,OK
https://liftpdf.com/learn/troubleshooting,https://liftpdf.com/_next/image?url=%2Fimages%2Fseo%2Fmerge-pdf%2Fmerge-pdf-before.webp&w=384&q=75,LiftPDF Merge PDF before export with selected PDF files,1280,860,OK
https://liftpdf.com/learn/troubleshooting,https://liftpdf.com/_next/image?url=%2Fimages%2Fseo%2Fmerge-pdf%2Fmerge-pdf-after.webp&w=384&q=75,LiftPDF Merge PDF success state after creating a merged document,1280,860,OK
https://liftpdf.com/learn/troubleshooting,https://liftpdf.com/_next/image?url=%2Fimages%2Fseo%2Fjpg-to-pdf%2Fjpg-to-pdf-before.webp&w=384&q=75,LiftPDF JPG to PDF before conversion with selected images,1280,860,OK
https://liftpdf.com/learn/troubleshooting,https://liftpdf.com/images/editorial/selectable-text-vs-scanned-text.svg,Selectable PDF text compared with scanned image-only PDF text,1200,720,OK
https://liftpdf.com/learn/troubleshooting,https://liftpdf.com/images/editorial/pdf-to-image-workflow.svg,PDF to image workflow showing PDF pages exported as JPG or PNG files,1200,720,OK
https://liftpdf.com/learn/troubleshooting,https://liftpdf.com/images/editorial/pdf-password-workflow.svg,"PDF password workflow showing protected file, known password and unlocked result",1200,720,OK
https://liftpdf.com/learn/troubleshooting,https://liftpdf.com/_next/image?url=%2Fimages%2Flearn%2Fscanned-vs-searchable-pdf.webp&w=384&q=75,Troubleshooting visual comparing scanned and searchable PDFs,1200,720,OK
https://liftpdf.com/learn/troubleshooting,https://liftpdf.com/images/editorial/selectable-text-vs-scanned-text.svg,Selectable PDF text compared with scanned image-only PDF text,1200,720,OK
https://liftpdf.com/learn/troubleshooting,https://liftpdf.com/_next/image?url=%2Fimages%2Flearn%2Fscanned-vs-searchable-pdf.webp&w=384&q=75,Troubleshooting visual comparing scanned and searchable PDFs,1200,720,OK
https://liftpdf.com/learn/troubleshooting,https://liftpdf.com/images/editorial/compress-pdf-without-quality-loss.svg,PDF compression workflow showing file size reduction while checking readability,1200,720,OK
https://liftpdf.com/learn/troubleshooting,https://liftpdf.com/_next/image?url=%2Fimages%2Flearn%2Fscanned-vs-searchable-pdf.webp&w=384&q=75,Scanned PDF compared with searchable PDF,1200,720,OK
https://liftpdf.com/learn/comparisons,https://liftpdf.com/_next/image?url=%2Fimages%2Flearn%2Fjpg-vs-png.webp&w=640&q=75,Comparison visual with image and PDF format cards,1200,720,OK
https://liftpdf.com/learn/comparisons,https://liftpdf.com/_next/image?url=%2Fimages%2Fseo%2Fjpg-to-pdf%2Fjpg-to-pdf-workflow.webp&w=384&q=75,"LiftPDF JPG to PDF workflow with upload, preview and download",1280,860,OK
https://liftpdf.com/learn/comparisons,https://liftpdf.com/_next/image?url=%2Fimages%2Flearn%2Fpdf-images.webp&w=640&q=75,PDF and image formats learning visual,1200,720,OK
https://liftpdf.com/learn/comparisons,https://liftpdf.com/_next/image?url=%2Fimages%2Flearn%2Fpdf-images.webp&w=640&q=75,PDF and image formats learning visual,1200,720,OK
https://liftpdf.com/learn/comparisons,https://liftpdf.com/_next/image?url=%2Fimages%2Flearn%2Fpdf-images.webp&w=640&q=75,PDF and image formats learning visual,1200,720,OK
https://liftpdf.com/learn/comparisons,https://liftpdf.com/_next/image?url=%2Fimages%2Flearn%2Fpdf-images.webp&w=640&q=75,PDF and image formats learning visual,1200,720,OK
https://liftpdf.com/learn/comparisons,https://liftpdf.com/images/editorial/pdf-to-image-workflow.svg,PDF to image workflow showing PDF pages exported as JPG or PNG files,1200,720,OK
https://liftpdf.com/learn/comparisons,https://liftpdf.com/images/editorial/compress-pdf-without-quality-loss.svg,PDF compression workflow showing file size reduction while checking readability,1200,720,OK
https://liftpdf.com/learn/comparisons,https://liftpdf.com/_next/image?url=%2Fimages%2Fseo%2Fmerge-pdf%2Fmerge-pdf-workflow.webp&w=384&q=75,"LiftPDF Merge PDF workflow with upload, preview and download steps",1280,860,OK
https://liftpdf.com/learn/comparisons,https://liftpdf.com/_next/image?url=%2Fimages%2Fseo%2Fjpg-to-pdf%2Fjpg-to-pdf-after.webp&w=384&q=75,LiftPDF JPG to PDF success state after creating a PDF,1280,860,OK
https://liftpdf.com/jpg-to-pdf,https://liftpdf.com/images/seo/jpg-to-pdf/jpg-to-pdf-workflow.webp,LiftPDF JPG to PDF workflow with upload preview and download,1280,860,OK
https://liftpdf.com/jpg-to-pdf,https://liftpdf.com/images/seo/jpg-to-pdf/jpg-to-pdf-workflow.webp,LiftPDF JPG to PDF workflow with upload preview and download,1280,860,OK
https://liftpdf.com/jpg-to-pdf,https://liftpdf.com/_next/image?url=%2Fimages%2Fseo%2Fjpg-to-pdf%2Fjpg-to-pdf-before.webp&w=3840&q=75,LiftPDF JPG to PDF before conversion with uploaded images,1280,860,OK
https://liftpdf.com/jpg-to-pdf,https://liftpdf.com/_next/image?url=%2Fimages%2Fseo%2Fjpg-to-pdf%2Fjpg-to-pdf-after.webp&w=3840&q=75,LiftPDF JPG to PDF success state after creating a PDF,1280,860,OK
https://liftpdf.com/jpg-to-pdf,https://liftpdf.com/images/seo/jpg-to-pdf/jpg-to-pdf-preview.webp,JPG to PDF live layout preview,1280,860,OK
https://liftpdf.com/png-to-pdf,https://liftpdf.com/images/seo/png-to-pdf/hero.webp,PNG graphics arranged into a clean PDF file,1200,760,OK
https://liftpdf.com/png-to-pdf,https://liftpdf.com/images/seo/png-to-pdf/hero.webp,PNG graphics arranged into a clean PDF file,1200,760,OK
https://liftpdf.com/png-to-pdf,https://liftpdf.com/images/seo/png-to-pdf/thumbnail.webp,PNG to PDF page preview,640,480,OK
https://liftpdf.com/images-to-pdf,https://liftpdf.com/images/seo/images-to-pdf/hero.webp,Mixed image formats combined into one PDF,1200,760,OK
https://liftpdf.com/images-to-pdf,https://liftpdf.com/images/seo/images-to-pdf/hero.webp,Mixed image formats combined into one PDF,1200,760,OK
https://liftpdf.com/images-to-pdf,https://liftpdf.com/images/seo/images-to-pdf/thumbnail.webp,Images to PDF multi-page preview,640,480,OK
https://liftpdf.com/pdf-to-jpg,https://liftpdf.com/images/seo/pdf-to-jpg/hero.webp,PDF pages exported as JPG image files,1200,760,OK
https://liftpdf.com/pdf-to-jpg,https://liftpdf.com/images/seo/pdf-to-jpg/hero.webp,PDF pages exported as JPG image files,1200,760,OK
https://liftpdf.com/pdf-to-jpg,https://liftpdf.com/images/seo/pdf-to-jpg/thumbnail.webp,PDF to JPG page export preview,640,480,OK
https://liftpdf.com/pdf-to-png,https://liftpdf.com/images/seo/pdf-to-png/hero.webp,PDF to PNG workflow illustration,1200,760,OK
https://liftpdf.com/pdf-to-png,https://liftpdf.com/images/seo/pdf-to-png/hero.webp,PDF to PNG workflow illustration,1200,760,OK
https://liftpdf.com/pdf-to-png,https://liftpdf.com/images/seo/pdf-to-png/thumbnail.webp,PDF to PNG preview,640,480,OK
https://liftpdf.com/merge-pdf,https://liftpdf.com/images/seo/merge-pdf/hero.webp,Merge PDF workflow illustration,1200,760,OK
https://liftpdf.com/merge-pdf,https://liftpdf.com/images/seo/merge-pdf/hero.webp,Merge PDF workflow illustration,1200,760,OK
https://liftpdf.com/merge-pdf,https://liftpdf.com/_next/image?url=%2Fimages%2Fseo%2Fmerge-pdf%2Fmerge-pdf-before.webp&w=640&q=75,Merge PDF page showing selected files before merging,1280,860,OK
https://liftpdf.com/merge-pdf,https://liftpdf.com/_next/image?url=%2Fimages%2Fseo%2Fmerge-pdf%2Fmerge-pdf-after.webp&w=640&q=75,Merge PDF success screen after creating a combined PDF,1280,860,OK
https://liftpdf.com/merge-pdf,https://liftpdf.com/images/seo/merge-pdf/thumbnail.webp,Merge PDF preview,640,480,OK
https://liftpdf.com/split-pdf,https://liftpdf.com/images/seo/split-pdf/hero.webp,Split PDF workflow illustration,1200,760,OK
https://liftpdf.com/split-pdf,https://liftpdf.com/images/seo/split-pdf/hero.webp,Split PDF workflow illustration,1200,760,OK
https://liftpdf.com/split-pdf,https://liftpdf.com/images/seo/split-pdf/thumbnail.webp,Split PDF preview,640,480,OK
https://liftpdf.com/compress-pdf,https://liftpdf.com/images/seo/compress-pdf/hero.webp,Compress PDF workflow illustration,1200,760,OK
https://liftpdf.com/compress-pdf,https://liftpdf.com/images/seo/compress-pdf/hero.webp,Compress PDF workflow illustration,1200,760,OK
https://liftpdf.com/compress-pdf,https://liftpdf.com/images/seo/compress-pdf/thumbnail.webp,Compress PDF preview,640,480,OK
https://liftpdf.com/rotate-pdf,https://liftpdf.com/images/seo/rotate-pdf/hero.webp,Rotate PDF workflow illustration,1200,760,OK
https://liftpdf.com/rotate-pdf,https://liftpdf.com/images/seo/rotate-pdf/hero.webp,Rotate PDF workflow illustration,1200,760,OK
https://liftpdf.com/rotate-pdf,https://liftpdf.com/images/seo/rotate-pdf/thumbnail.webp,Rotate PDF preview,640,480,OK
https://liftpdf.com/add-page-numbers,https://liftpdf.com/images/seo/add-page-numbers/hero.webp,Add Page Numbers workflow illustration,1200,760,OK
https://liftpdf.com/add-page-numbers,https://liftpdf.com/images/seo/add-page-numbers/hero.webp,Add Page Numbers workflow illustration,1200,760,OK
https://liftpdf.com/add-page-numbers,https://liftpdf.com/images/seo/add-page-numbers/thumbnail.webp,Add Page Numbers preview,640,480,OK
https://liftpdf.com/watermark-pdf,https://liftpdf.com/images/seo/watermark-pdf/hero.webp,Watermark PDF workflow illustration,1200,760,OK
https://liftpdf.com/watermark-pdf,https://liftpdf.com/images/seo/watermark-pdf/hero.webp,Watermark PDF workflow illustration,1200,760,OK
https://liftpdf.com/watermark-pdf,https://liftpdf.com/images/seo/watermark-pdf/thumbnail.webp,Watermark PDF preview,640,480,OK
https://liftpdf.com/pdf-to-text,https://liftpdf.com/images/seo/pdf-to-text/hero.webp,PDF to Text workflow illustration,1200,760,OK
https://liftpdf.com/pdf-to-text,https://liftpdf.com/images/seo/pdf-to-text/hero.webp,PDF to Text workflow illustration,1200,760,OK
https://liftpdf.com/pdf-to-text,https://liftpdf.com/images/seo/pdf-to-text/thumbnail.webp,PDF to Text preview,640,480,OK
https://liftpdf.com/protect-pdf,https://liftpdf.com/images/seo/protect-pdf/hero.webp,Protect PDF workflow illustration,1200,760,OK
https://liftpdf.com/protect-pdf,https://liftpdf.com/images/seo/protect-pdf/hero.webp,Protect PDF workflow illustration,1200,760,OK
https://liftpdf.com/protect-pdf,https://liftpdf.com/images/seo/protect-pdf/thumbnail.webp,Protect PDF preview,640,480,OK
https://liftpdf.com/unlock-pdf,https://liftpdf.com/images/seo/unlock-pdf/hero.webp,Unlock PDF workflow illustration,1200,760,OK
https://liftpdf.com/unlock-pdf,https://liftpdf.com/images/seo/unlock-pdf/hero.webp,Unlock PDF workflow illustration,1200,760,OK
https://liftpdf.com/unlock-pdf,https://liftpdf.com/images/seo/unlock-pdf/thumbnail.webp,Unlock PDF preview,640,480,OK
https://liftpdf.com/delete-pages,https://liftpdf.com/images/seo/delete-pages/hero.webp,Delete Pages workflow illustration,1200,760,OK
https://liftpdf.com/delete-pages,https://liftpdf.com/images/seo/delete-pages/hero.webp,Delete Pages workflow illustration,1200,760,OK
https://liftpdf.com/delete-pages,https://liftpdf.com/_next/image?url=%2Fimages%2Fseo%2Fdelete-pages%2Fdelete-pages-before.png&w=3840&q=75,Delete PDF Pages page thumbnails before removing selected pages,1280,860,OK
https://liftpdf.com/delete-pages,https://liftpdf.com/_next/image?url=%2Fimages%2Fseo%2Fdelete-pages%2Fdelete-pages-after.png&w=3840&q=75,Delete PDF Pages success state after creating an updated PDF,1280,860,OK
https://liftpdf.com/delete-pages,https://liftpdf.com/images/seo/delete-pages/thumbnail.webp,Delete Pages preview,640,480,OK
https://liftpdf.com/extract-pages,https://liftpdf.com/images/seo/extract-pages/hero.webp,Extract Pages workflow illustration,1200,760,OK
https://liftpdf.com/extract-pages,https://liftpdf.com/images/seo/extract-pages/hero.webp,Extract Pages workflow illustration,1200,760,OK
https://liftpdf.com/extract-pages,https://liftpdf.com/_next/image?url=%2Fimages%2Fseo%2Fextract-pages%2Fextract-pages-before.png&w=3840&q=75,Extract PDF Pages page preview before selecting pages,1280,860,OK
https://liftpdf.com/extract-pages,https://liftpdf.com/_next/image?url=%2Fimages%2Fseo%2Fextract-pages%2Fextract-pages-after.png&w=3840&q=75,Extract PDF Pages success state after selected pages are exported,1280,860,OK
https://liftpdf.com/extract-pages,https://liftpdf.com/images/seo/extract-pages/thumbnail.webp,Extract Pages preview,640,480,OK
https://liftpdf.com/reorder-pages,https://liftpdf.com/images/seo/reorder-pages/hero.webp,Reorder Pages workflow illustration,1200,760,OK
https://liftpdf.com/reorder-pages,https://liftpdf.com/images/seo/reorder-pages/hero.webp,Reorder Pages workflow illustration,1200,760,OK
https://liftpdf.com/reorder-pages,https://liftpdf.com/_next/image?url=%2Fimages%2Fseo%2Freorder-pages%2Freorder-pages-before.png&w=640&q=75,Reorder PDF Pages thumbnail grid before changing page order,1280,860,OK
https://liftpdf.com/reorder-pages,https://liftpdf.com/_next/image?url=%2Fimages%2Fseo%2Freorder-pages%2Freorder-pages-after.png&w=640&q=75,Reorder PDF Pages success state after creating a reordered PDF,1280,860,OK
https://liftpdf.com/reorder-pages,https://liftpdf.com/images/seo/reorder-pages/thumbnail.webp,Reorder Pages preview,640,480,OK
https://liftpdf.com/guides/how-to-extract-pages-from-pdf,https://liftpdf.com/_next/image?url=%2Fimages%2Fseo%2Fextract-pages%2Fextract-pages-before.png&w=640&q=75,LiftPDF Extract Pages visual page picker with PDF thumbnails,1280,860,OK
https://liftpdf.com/guides/how-to-extract-pages-from-pdf,https://liftpdf.com/_next/image?url=%2Fimages%2Fseo%2Fextract-pages%2Fextract-pages-before.png&w=640&q=75,LiftPDF Extract Pages page picker before extracting selected pages,1280,860,OK
https://liftpdf.com/guides/how-to-extract-pages-from-pdf,https://liftpdf.com/_next/image?url=%2Fimages%2Fseo%2Fextract-pages%2Fextract-pages-after.png&w=640&q=75,LiftPDF Extract Pages success state after export,1280,860,OK
https://liftpdf.com/guides/how-to-extract-pages-from-pdf,https://liftpdf.com/images/editorial/extract-vs-split-workflow.svg,Diagram comparing Extract Pages and Split PDF workflows,1200,720,OK
https://liftpdf.com/guides/extract-one-page-from-pdf,https://liftpdf.com/_next/image?url=%2Fimages%2Fseo%2Fextract-pages%2Fextract-pages-before.png&w=640&q=75,LiftPDF Extract Pages visual page picker with PDF thumbnails,1280,860,OK
https://liftpdf.com/guides/extract-multiple-pages-from-pdf,https://liftpdf.com/_next/image?url=%2Fimages%2Fseo%2Fextract-pages%2Fextract-pages-before.png&w=640&q=75,LiftPDF Extract Pages visual page picker with PDF thumbnails,1280,860,OK
https://liftpdf.com/guides/extract-pdf-pages-without-adobe,https://liftpdf.com/_next/image?url=%2Fimages%2Fseo%2Fextract-pages%2Fextract-pages-after.png&w=640&q=75,LiftPDF Extract Pages success state after selected pages are exported,1280,860,OK
https://liftpdf.com/guides/extract-pages-from-password-protected-pdf,https://liftpdf.com/_next/image?url=%2Fimages%2Fseo%2Fextract-pages%2Fextract-pages-after.png&w=640&q=75,LiftPDF Extract Pages success state after selected pages are exported,1280,860,OK
https://liftpdf.com/guides/extract-pages-from-scanned-pdf,https://liftpdf.com/_next/image?url=%2Fimages%2Fseo%2Fextract-pages%2Fextract-pages-before.png&w=640&q=75,LiftPDF Extract Pages visual page picker with PDF thumbnails,1280,860,OK
https://liftpdf.com/guides/extract-pages-vs-split-pdf,https://liftpdf.com/_next/image?url=%2Fimages%2Fseo%2Fextract-pages%2Fextract-pages-after.png&w=640&q=75,LiftPDF Extract Pages success state after selected pages are exported,1280,860,OK
https://liftpdf.com/guides/how-to-merge-pdf,https://liftpdf.com/_next/image?url=%2Fimages%2Fseo%2Fmerge-pdf%2Fmerge-pdf-workflow.webp&w=640&q=75,"LiftPDF Merge PDF workflow with upload, preview and download steps",1280,860,OK
https://liftpdf.com/guides/how-to-merge-pdf,https://liftpdf.com/_next/image?url=%2Fimages%2Fseo%2Fmerge-pdf%2Fmerge-pdf-before.webp&w=640&q=75,LiftPDF Merge PDF upload preview with two PDF files ready to combine,1280,860,OK
https://liftpdf.com/guides/how-to-merge-pdf,https://liftpdf.com/_next/image?url=%2Fimages%2Fseo%2Fmerge-pdf%2Fmerge-pdf-workflow.webp&w=640&q=75,LiftPDF Merge PDF workflow from upload to browser processing and download,1280,860,OK
https://liftpdf.com/guides/how-to-merge-pdf,https://liftpdf.com/_next/image?url=%2Fimages%2Fseo%2Fmerge-pdf%2Fmerge-pdf-after.webp&w=640&q=75,LiftPDF Merge PDF success state after generating a merged PDF,1280,860,OK
https://liftpdf.com/guides/merge-pdf-online,https://liftpdf.com/_next/image?url=%2Fimages%2Fseo%2Fmerge-pdf%2Fmerge-pdf-before.webp&w=640&q=75,LiftPDF Merge PDF before export with selected PDF files,1280,860,OK
https://liftpdf.com/guides/merge-pdf-without-adobe,https://liftpdf.com/_next/image?url=%2Fimages%2Fseo%2Fmerge-pdf%2Fmerge-pdf-workflow.webp&w=640&q=75,"LiftPDF Merge PDF workflow with upload, preview and download steps",1280,860,OK
https://liftpdf.com/guides/merge-two-pdf-files,https://liftpdf.com/_next/image?url=%2Fimages%2Fseo%2Fmerge-pdf%2Fmerge-pdf-before.webp&w=640&q=75,LiftPDF Merge PDF before export with selected PDF files,1280,860,OK
https://liftpdf.com/guides/merge-multiple-pdf-files,https://liftpdf.com/_next/image?url=%2Fimages%2Fseo%2Fmerge-pdf%2Fmerge-pdf-workflow.webp&w=640&q=75,"LiftPDF Merge PDF workflow with upload, preview and download steps",1280,860,OK
https://liftpdf.com/guides/merge-pdf-free,https://liftpdf.com/_next/image?url=%2Fimages%2Fseo%2Fmerge-pdf%2Fmerge-pdf-after.webp&w=640&q=75,LiftPDF Merge PDF success state after creating a merged document,1280,860,OK
https://liftpdf.com/guides/why-cant-i-merge-pdf-files,https://liftpdf.com/_next/image?url=%2Fimages%2Fseo%2Fmerge-pdf%2Fmerge-pdf-before.webp&w=640&q=75,LiftPDF Merge PDF before export with selected PDF files,1280,860,OK
https://liftpdf.com/guides/why-is-my-merged-pdf-too-large,https://liftpdf.com/_next/image?url=%2Fimages%2Fseo%2Fmerge-pdf%2Fmerge-pdf-after.webp&w=640&q=75,LiftPDF Merge PDF success state after creating a merged document,1280,860,OK
https://liftpdf.com/guides/why-does-merge-pdf-fail,https://liftpdf.com/_next/image?url=%2Fimages%2Fseo%2Fmerge-pdf%2Fmerge-pdf-before.webp&w=640&q=75,LiftPDF Merge PDF before export with selected PDF files,1280,860,OK
https://liftpdf.com/guides/why-cant-i-merge-protected-pdfs,https://liftpdf.com/_next/image?url=%2Fimages%2Fseo%2Fmerge-pdf%2Fmerge-pdf-after.webp&w=640&q=75,LiftPDF Merge PDF success state after creating a merged document,1280,860,OK
https://liftpdf.com/guides/merge-pdf-vs-combine-pdf,https://liftpdf.com/_next/image?url=%2Fimages%2Fseo%2Fmerge-pdf%2Fmerge-pdf-workflow.webp&w=640&q=75,"LiftPDF Merge PDF workflow with upload, preview and download steps",1280,860,OK
https://liftpdf.com/guides/merge-pdf-vs-adobe,https://liftpdf.com/_next/image?url=%2Fimages%2Fseo%2Fmerge-pdf%2Fmerge-pdf-after.webp&w=640&q=75,LiftPDF Merge PDF success state after creating a merged document,1280,860,OK
https://liftpdf.com/guides/merge-pdf-vs-smallpdf,https://liftpdf.com/_next/image?url=%2Fimages%2Fseo%2Fmerge-pdf%2Fmerge-pdf-workflow.webp&w=640&q=75,"LiftPDF Merge PDF workflow with upload, preview and download steps",1280,860,OK
https://liftpdf.com/guides/merge-pdf-vs-ilovepdf,https://liftpdf.com/_next/image?url=%2Fimages%2Fseo%2Fmerge-pdf%2Fmerge-pdf-after.webp&w=640&q=75,LiftPDF Merge PDF success state after creating a merged document,1280,860,OK
https://liftpdf.com/guides/merge-pdf-faq,https://liftpdf.com/_next/image?url=%2Fimages%2Fseo%2Fmerge-pdf%2Fmerge-pdf-workflow.webp&w=640&q=75,"LiftPDF Merge PDF workflow with upload, preview and download steps",1280,860,OK
https://liftpdf.com/guides/how-to-convert-jpg-to-pdf,https://liftpdf.com/_next/image?url=%2Fimages%2Fseo%2Fjpg-to-pdf%2Fjpg-to-pdf-workflow.webp&w=640&q=75,"LiftPDF JPG to PDF workflow with upload, preview and download",1280,860,OK
https://liftpdf.com/guides/how-to-convert-jpg-to-pdf,https://liftpdf.com/_next/image?url=%2Fimages%2Fseo%2Fjpg-to-pdf%2Fjpg-to-pdf-preview.webp&w=640&q=75,LiftPDF JPG to PDF live preview with page size and margin settings,1280,860,OK
https://liftpdf.com/guides/how-to-convert-jpg-to-pdf,https://liftpdf.com/_next/image?url=%2Fimages%2Fseo%2Fjpg-to-pdf%2Fjpg-to-pdf-workflow.webp&w=640&q=75,LiftPDF JPG to PDF workflow from image upload to PDF download,1280,860,OK
https://liftpdf.com/guides/how-to-convert-jpg-to-pdf,https://liftpdf.com/_next/image?url=%2Fimages%2Flearn%2Fjpg-vs-png.webp&w=640&q=75,Comparison visual showing JPG PNG and PDF image workflows,1200,720,OK
https://liftpdf.com/guides/how-to-convert-multiple-jpg-to-pdf,https://liftpdf.com/_next/image?url=%2Fimages%2Fseo%2Fjpg-to-pdf%2Fjpg-to-pdf-before.webp&w=640&q=75,LiftPDF JPG to PDF before conversion with selected images,1280,860,OK
https://liftpdf.com/guides/how-to-convert-jpg-to-pdf-without-losing-quality,https://liftpdf.com/_next/image?url=%2Fimages%2Fseo%2Fjpg-to-pdf%2Fjpg-to-pdf-preview.webp&w=640&q=75,LiftPDF JPG to PDF live page preview with layout settings,1280,860,OK
https://liftpdf.com/guides/jpg-to-pdf-online,https://liftpdf.com/_next/image?url=%2Fimages%2Fseo%2Fjpg-to-pdf%2Fjpg-to-pdf-workflow.webp&w=640&q=75,"LiftPDF JPG to PDF workflow with upload, preview and download",1280,860,OK
https://liftpdf.com/guides/jpg-to-pdf-without-adobe,https://liftpdf.com/_next/image?url=%2Fimages%2Fseo%2Fjpg-to-pdf%2Fjpg-to-pdf-after.webp&w=640&q=75,LiftPDF JPG to PDF success state after creating a PDF,1280,860,OK
https://liftpdf.com/guides/jpg-to-pdf-free,https://liftpdf.com/_next/image?url=%2Fimages%2Fseo%2Fjpg-to-pdf%2Fjpg-to-pdf-after.webp&w=640&q=75,LiftPDF JPG to PDF success state after creating a PDF,1280,860,OK
https://liftpdf.com/guides/why-is-my-jpg-blurry-after-pdf,https://liftpdf.com/_next/image?url=%2Fimages%2Fseo%2Fjpg-to-pdf%2Fjpg-to-pdf-preview.webp&w=640&q=75,LiftPDF JPG to PDF live page preview with layout settings,1280,860,OK
https://liftpdf.com/guides/why-is-my-jpg-blurry-after-pdf,https://liftpdf.com/images/editorial/jpg-blurry-causes.svg,Diagram showing low resolution resaving stretching and wrong fit causing blurry JPG to PDF output,1200,720,OK
https://liftpdf.com/guides/why-is-my-jpg-blurry-after-pdf,https://liftpdf.com/_next/image?url=%2Fimages%2Fseo%2Fjpg-to-pdf%2Fjpg-to-pdf-preview.webp&w=640&q=75,LiftPDF JPG to PDF live preview with page size and margin settings,1280,860,OK
https://liftpdf.com/guides/why-is-my-jpg-blurry-after-pdf,https://liftpdf.com/_next/image?url=%2Fimages%2Fseo%2Fjpg-to-pdf%2Fjpg-to-pdf-workflow.webp&w=640&q=75,LiftPDF JPG to PDF workflow from image upload to PDF download,1280,860,OK
https://liftpdf.com/guides/why-is-my-pdf-too-large-after-converting-jpg,https://liftpdf.com/_next/image?url=%2Fimages%2Fseo%2Fjpg-to-pdf%2Fjpg-to-pdf-after.webp&w=640&q=75,LiftPDF JPG to PDF success state after creating a PDF,1280,860,OK
https://liftpdf.com/guides/why-cant-i-convert-jpg-to-pdf,https://liftpdf.com/_next/image?url=%2Fimages%2Fseo%2Fjpg-to-pdf%2Fjpg-to-pdf-before.webp&w=640&q=75,LiftPDF JPG to PDF before conversion with selected images,1280,860,OK
https://liftpdf.com/guides/how-to-keep-original-image-quality,https://liftpdf.com/_next/image?url=%2Fimages%2Fseo%2Fjpg-to-pdf%2Fjpg-to-pdf-preview.webp&w=640&q=75,LiftPDF JPG to PDF live page preview with layout settings,1280,860,OK
https://liftpdf.com/guides/jpg-vs-png,https://liftpdf.com/_next/image?url=%2Fimages%2Fseo%2Fjpg-to-pdf%2Fjpg-to-pdf-workflow.webp&w=640&q=75,"LiftPDF JPG to PDF workflow with upload, preview and download",1280,860,OK
https://liftpdf.com/guides/jpg-vs-png,https://liftpdf.com/_next/image?url=%2Fimages%2Fseo%2Fjpg-to-pdf%2Fjpg-to-pdf-preview.webp&w=640&q=75,LiftPDF JPG to PDF live preview with page size and margin settings,1280,860,OK
https://liftpdf.com/guides/jpg-vs-png,https://liftpdf.com/_next/image?url=%2Fimages%2Fseo%2Fjpg-to-pdf%2Fjpg-to-pdf-workflow.webp&w=640&q=75,LiftPDF JPG to PDF workflow from image upload to PDF download,1280,860,OK
https://liftpdf.com/guides/jpg-vs-png,https://liftpdf.com/_next/image?url=%2Fimages%2Flearn%2Fjpg-vs-png.webp&w=640&q=75,Comparison visual showing JPG PNG and PDF image workflows,1200,720,OK
https://liftpdf.com/guides/jpg-to-pdf-vs-word,https://liftpdf.com/_next/image?url=%2Fimages%2Fseo%2Fjpg-to-pdf%2Fjpg-to-pdf-after.webp&w=640&q=75,LiftPDF JPG to PDF success state after creating a PDF,1280,860,OK
https://liftpdf.com/guides/jpg-to-pdf-vs-smallpdf,https://liftpdf.com/_next/image?url=%2Fimages%2Fseo%2Fjpg-to-pdf%2Fjpg-to-pdf-workflow.webp&w=640&q=75,"LiftPDF JPG to PDF workflow with upload, preview and download",1280,860,OK
https://liftpdf.com/guides/jpg-to-pdf-vs-adobe,https://liftpdf.com/_next/image?url=%2Fimages%2Fseo%2Fjpg-to-pdf%2Fjpg-to-pdf-after.webp&w=640&q=75,LiftPDF JPG to PDF success state after creating a PDF,1280,860,OK
https://liftpdf.com/guides/jpg-to-pdf-faq,https://liftpdf.com/_next/image?url=%2Fimages%2Fseo%2Fjpg-to-pdf%2Fjpg-to-pdf-preview.webp&w=640&q=75,LiftPDF JPG to PDF live page preview with layout settings,1280,860,OK
https://liftpdf.com/guides/what-is-a-pdf,https://liftpdf.com/_next/image?url=%2Fimages%2Flearn%2Fpdf-basics.webp&w=828&q=75,PDF basics learning visual with document workflow,1200,720,OK
https://liftpdf.com/guides/what-is-a-pdf,https://liftpdf.com/images/editorial/pdf-document-structure-diagram.svg,Diagram showing a PDF as pages with text images fonts metadata and links,1200,720,OK
https://liftpdf.com/guides/what-is-a-pdf,https://liftpdf.com/_next/image?url=%2Fimages%2Flearn%2Fpdf-basics.webp&w=828&q=75,LiftPDF PDF basics learning visual with document workflow cards,1200,720,OK
https://liftpdf.com/guides/jpg-vs-jpeg,https://liftpdf.com/_next/image?url=%2Fimages%2Flearn%2Fpdf-images.webp&w=640&q=75,PDF and image formats learning visual,1200,720,OK
https://liftpdf.com/guides/png-vs-pdf,https://liftpdf.com/_next/image?url=%2Fimages%2Flearn%2Fpdf-images.webp&w=640&q=75,PDF and image formats learning visual,1200,720,OK
https://liftpdf.com/guides/what-is-pdf-compression,https://liftpdf.com/_next/image?url=%2Fimages%2Flearn%2Fpdf-basics.webp&w=828&q=75,PDF basics learning visual with document workflow,1200,720,OK
https://liftpdf.com/guides/what-is-a-password-protected-pdf,https://liftpdf.com/_next/image?url=%2Fimages%2Flearn%2Fpdf-security.webp&w=640&q=75,PDF security learning visual with protected document,1200,720,OK
https://liftpdf.com/guides/what-is-browser-based-pdf-processing,https://liftpdf.com/_next/image?url=%2Fimages%2Flearn%2Fpdf-security.webp&w=640&q=75,PDF security learning visual with protected document,1200,720,OK
https://liftpdf.com/guides/scanned-pdf-vs-searchable-pdf,https://liftpdf.com/_next/image?url=%2Fimages%2Flearn%2Fscanned-vs-searchable-pdf.webp&w=640&q=75,Scanned PDF compared with searchable PDF,1200,720,OK
https://liftpdf.com/guides/why-is-my-pdf-too-large,https://liftpdf.com/_next/image?url=%2Fimages%2Flearn%2Fscanned-vs-searchable-pdf.webp&w=640&q=75,Troubleshooting visual comparing scanned and searchable PDFs,1200,720,OK
https://liftpdf.com/guides/how-to-reduce-pdf-file-size-for-email,https://liftpdf.com/_next/image?url=%2Fimages%2Flearn%2Fpdf-basics.webp&w=828&q=75,PDF basics learning visual with document workflow,1200,720,OK
https://liftpdf.com/guides/how-to-combine-scanned-documents-into-one-pdf,https://liftpdf.com/_next/image?url=%2Fimages%2Flearn%2Forganize-pdf.webp&w=640&q=75,Organize PDF visual with pages being merged and reordered,1200,720,OK
https://liftpdf.com/guides/how-to-prepare-a-pdf-for-online-submission,https://liftpdf.com/_next/image?url=%2Fimages%2Flearn%2Fpdf-basics.webp&w=828&q=75,PDF basics learning visual with document workflow,1200,720,OK
https://liftpdf.com/guides/how-to-organize-pdf-pages-before-sending,https://liftpdf.com/_next/image?url=%2Fimages%2Flearn%2Forganize-pdf.webp&w=640&q=75,Organize PDF visual with pages being merged and reordered,1200,720,OK
https://liftpdf.com/guides/how-to-turn-phone-photos-into-a-pdf,https://liftpdf.com/_next/image?url=%2Fimages%2Flearn%2Fpdf-images.webp&w=640&q=75,PDF and image formats learning visual,1200,720,OK
https://liftpdf.com/guides/how-to-keep-pdf-images-sharp,https://liftpdf.com/_next/image?url=%2Fimages%2Flearn%2Fpdf-images.webp&w=640&q=75,PDF and image formats learning visual,1200,720,OK
https://liftpdf.com/guides/why-pdf-opens-blank,https://liftpdf.com/_next/image?url=%2Fimages%2Flearn%2Fscanned-vs-searchable-pdf.webp&w=640&q=75,Troubleshooting visual comparing scanned and searchable PDFs,1200,720,OK
https://liftpdf.com/guides/why-a-pdf-is-password-protected,https://liftpdf.com/_next/image?url=%2Fimages%2Flearn%2Fpdf-security.webp&w=640&q=75,PDF security learning visual with protected document,1200,720,OK
https://liftpdf.com/guides/pdf-vs-jpg,https://liftpdf.com/_next/image?url=%2Fimages%2Flearn%2Fpdf-images.webp&w=640&q=75,PDF and image formats learning visual,1200,720,OK
https://liftpdf.com/guides/pdf-vs-png,https://liftpdf.com/_next/image?url=%2Fimages%2Flearn%2Fpdf-images.webp&w=640&q=75,PDF and image formats learning visual,1200,720,OK
https://liftpdf.com/guides/how-to-compress-pdf-without-losing-quality,https://liftpdf.com/images/editorial/compress-pdf-without-quality-loss.svg,PDF compression workflow showing file size reduction while checking readability,1200,720,OK
https://liftpdf.com/guides/how-to-compress-pdf-without-losing-quality,https://liftpdf.com/images/editorial/compress-pdf-without-quality-loss.svg,PDF compression workflow showing size reduction with readability checks,1200,720,OK
https://liftpdf.com/guides/how-to-compress-pdf-without-losing-quality,https://liftpdf.com/_next/image?url=%2Fimages%2Fseo%2Fcompress-pdf%2Fhero.webp&w=640&q=75,LiftPDF Compress PDF tool preview,1200,720,OK
https://liftpdf.com/guides/compress-pdf-for-email,https://liftpdf.com/images/editorial/compress-pdf-without-quality-loss.svg,PDF compression workflow showing file size reduction while checking readability,1200,720,OK
https://liftpdf.com/guides/reduce-scanned-pdf-size,https://liftpdf.com/images/editorial/compress-pdf-without-quality-loss.svg,PDF compression workflow showing file size reduction while checking readability,1200,720,OK
https://liftpdf.com/guides/reduce-scanned-pdf-size,https://liftpdf.com/images/editorial/compress-pdf-without-quality-loss.svg,Scanned PDF compression visual showing image-heavy pages becoming smaller,1200,720,OK
https://liftpdf.com/guides/reduce-scanned-pdf-size,https://liftpdf.com/images/editorial/selectable-text-vs-scanned-text.svg,Scanned PDF page compared with selectable text PDF page,1200,720,OK
https://liftpdf.com/guides/pdf-compression-vs-optimization,https://liftpdf.com/images/editorial/compress-pdf-without-quality-loss.svg,PDF compression workflow showing file size reduction while checking readability,1200,720,OK
https://liftpdf.com/guides/how-to-convert-pdf-to-jpg,https://liftpdf.com/images/editorial/pdf-to-image-workflow.svg,PDF to image workflow showing PDF pages exported as JPG or PNG files,1200,720,OK
https://liftpdf.com/guides/how-to-convert-pdf-to-jpg,https://liftpdf.com/images/editorial/pdf-to-image-workflow.svg,PDF to JPG workflow showing PDF pages exported as JPG files,1200,720,OK
https://liftpdf.com/guides/how-to-convert-pdf-to-jpg,https://liftpdf.com/_next/image?url=%2Fimages%2Fseo%2Fpdf-to-jpg%2Fhero.webp&w=640&q=75,LiftPDF PDF to JPG converter preview,1200,720,OK
https://liftpdf.com/guides/how-to-convert-pdf-to-png,https://liftpdf.com/images/editorial/pdf-to-image-workflow.svg,PDF to image workflow showing PDF pages exported as JPG or PNG files,1200,720,OK
https://liftpdf.com/guides/how-to-convert-pdf-to-png,https://liftpdf.com/images/editorial/pdf-to-image-workflow.svg,PDF to PNG workflow showing sharp page image export,1200,720,OK
https://liftpdf.com/guides/how-to-convert-pdf-to-png,https://liftpdf.com/_next/image?url=%2Fimages%2Fseo%2Fpdf-to-png%2Fhero.webp&w=640&q=75,LiftPDF PDF to PNG converter preview,1200,720,OK
https://liftpdf.com/guides/pdf-to-jpg-vs-pdf-to-png,https://liftpdf.com/images/editorial/pdf-to-image-workflow.svg,PDF to image workflow showing PDF pages exported as JPG or PNG files,1200,720,OK
https://liftpdf.com/guides/why-are-pdf-to-jpg-images-blurry,https://liftpdf.com/images/editorial/pdf-to-image-workflow.svg,PDF to image workflow showing PDF pages exported as JPG or PNG files,1200,720,OK
https://liftpdf.com/guides/how-to-copy-text-from-pdf,https://liftpdf.com/images/editorial/selectable-text-vs-scanned-text.svg,Selectable PDF text compared with scanned image-only PDF text,1200,720,OK
https://liftpdf.com/guides/how-to-copy-text-from-pdf,https://liftpdf.com/images/editorial/selectable-text-vs-scanned-text.svg,Selectable text PDF compared with scanned PDF for text copying,1200,720,OK
https://liftpdf.com/guides/how-to-copy-text-from-pdf,https://liftpdf.com/_next/image?url=%2Fimages%2Fseo%2Fpdf-to-text%2Fhero.webp&w=640&q=75,LiftPDF PDF to Text tool preview,1200,720,OK
https://liftpdf.com/guides/why-cant-i-copy-text-from-pdf,https://liftpdf.com/images/editorial/selectable-text-vs-scanned-text.svg,Selectable PDF text compared with scanned image-only PDF text,1200,720,OK
https://liftpdf.com/guides/how-to-tell-if-pdf-is-scanned,https://liftpdf.com/images/editorial/selectable-text-vs-scanned-text.svg,Selectable PDF text compared with scanned image-only PDF text,1200,720,OK
https://liftpdf.com/guides/protect-pdf-before-sending,https://liftpdf.com/images/editorial/pdf-password-workflow.svg,"PDF password workflow showing protected file, known password and unlocked result",1200,720,OK
https://liftpdf.com/guides/protect-pdf-before-sending,https://liftpdf.com/images/editorial/pdf-password-workflow.svg,Protect PDF before sending workflow with password and encrypted output,1200,720,OK
https://liftpdf.com/guides/protect-pdf-before-sending,https://liftpdf.com/_next/image?url=%2Fimages%2Fseo%2Fprotect-pdf%2Fhero.webp&w=640&q=75,LiftPDF Protect PDF tool preview,1200,720,OK
https://liftpdf.com/guides/unlock-pdf-with-known-password,https://liftpdf.com/images/editorial/pdf-password-workflow.svg,"PDF password workflow showing protected file, known password and unlocked result",1200,720,OK
https://liftpdf.com/guides/unlock-pdf-with-known-password,https://liftpdf.com/images/editorial/pdf-password-workflow.svg,Unlock PDF workflow requiring a known password,1200,720,OK
https://liftpdf.com/guides/unlock-pdf-with-known-password,https://liftpdf.com/_next/image?url=%2Fimages%2Fseo%2Funlock-pdf%2Fhero.webp&w=640&q=75,LiftPDF Unlock PDF tool preview,1200,720,OK
https://liftpdf.com/guides/password-protected-pdf-not-opening,https://liftpdf.com/images/editorial/pdf-password-workflow.svg,"PDF password workflow showing protected file, known password and unlocked result",1200,720,OK
https://liftpdf.com/guides/make-pdf-smaller-for-upload,https://liftpdf.com/images/editorial/online-pdf-submission-workflow.svg,"Online PDF submission workflow with file size, page order and upload checks",1200,720,OK
https://liftpdf.com/guides/pdf-file-size-limit-explained,https://liftpdf.com/images/editorial/online-pdf-submission-workflow.svg,"Online PDF submission workflow with file size, page order and upload checks",1200,720,OK
https://liftpdf.com/guides/convert-receipts-to-pdf,https://liftpdf.com/images/editorial/phone-photos-to-pdf-workflow.svg,Phone photos to PDF workflow with receipts screenshots and school documents,1200,720,OK
https://liftpdf.com/guides/combine-screenshots-into-pdf,https://liftpdf.com/images/editorial/phone-photos-to-pdf-workflow.svg,Phone photos to PDF workflow with receipts screenshots and school documents,1200,720,OK
https://liftpdf.com/guides/turn-school-assignment-photos-into-pdf,https://liftpdf.com/images/editorial/phone-photos-to-pdf-workflow.svg,Phone photos to PDF workflow with receipts screenshots and school documents,1200,720,OK
https://liftpdf.com/guides/remove-blank-pages-from-pdf,https://liftpdf.com/images/editorial/pdf-page-cleanup-workflow.svg,"PDF page cleanup workflow showing blank pages removal, rotation and page order",1200,720,OK
https://liftpdf.com/guides/fix-pdf-pages-out-of-order,https://liftpdf.com/images/editorial/pdf-page-cleanup-workflow.svg,"PDF page cleanup workflow showing blank pages removal, rotation and page order",1200,720,OK
https://liftpdf.com/guides/rotate-scanned-pdf-pages,https://liftpdf.com/images/editorial/pdf-page-cleanup-workflow.svg,"PDF page cleanup workflow showing blank pages removal, rotation and page order",1200,720,OK
https://liftpdf.com/guides/add-page-numbers-to-pdf-report,https://liftpdf.com/images/editorial/pdf-report-polish-workflow.svg,"PDF report polish workflow with page numbers, watermark and final download",1200,720,OK
https://liftpdf.com/guides/add-confidential-watermark-to-pdf,https://liftpdf.com/images/editorial/pdf-report-polish-workflow.svg,"PDF report polish workflow with page numbers, watermark and final download",1200,720,OK
https://liftpdf.com/guides/extract-text-from-pdf-without-ocr,https://liftpdf.com/images/editorial/selectable-text-vs-scanned-text.svg,Selectable PDF text compared with scanned image-only PDF text,1200,720,OK
https://liftpdf.com/guides/why-pdf-text-extraction-fails,https://liftpdf.com/images/editorial/selectable-text-vs-scanned-text.svg,Selectable PDF text compared with scanned image-only PDF text,1200,720,OK
https://liftpdf.com/guides/split-pdf-into-separate-pages,https://liftpdf.com/images/editorial/split-pdf-page-range-workflow.svg,Split PDF workflow showing page ranges becoming separate PDF outputs,1200,720,OK
https://liftpdf.com/guides/split-pdf-by-page-range,https://liftpdf.com/images/editorial/split-pdf-page-range-workflow.svg,Split PDF workflow showing page ranges becoming separate PDF outputs,1200,720,OK
https://liftpdf.com/guides/save-selected-pages-from-pdf,https://liftpdf.com/images/editorial/save-selected-pdf-pages-workflow.svg,Selected PDF pages workflow showing one page and multiple selected pages saved as a new PDF,1200,720,OK
https://liftpdf.com/guides/delete-pages-from-pdf-before-sending,https://liftpdf.com/images/editorial/save-selected-pdf-pages-workflow.svg,Selected PDF pages workflow showing one page and multiple selected pages saved as a new PDF,1200,720,OK
https://liftpdf.com/guides/organize-pdf-before-printing,https://liftpdf.com/images/editorial/pdf-final-checklist-workflow.svg,"Final PDF checklist workflow showing page order, file size, numbering and download checks",1200,720,OK
https://liftpdf.com/guides/prepare-pdf-for-email,https://liftpdf.com/images/editorial/pdf-final-checklist-workflow.svg,"Final PDF checklist workflow showing page order, file size, numbering and download checks",1200,720,OK
https://liftpdf.com/guides/rotate-pdf-before-upload,https://liftpdf.com/images/editorial/pdf-editing-controls-workflow.svg,"PDF editing controls workflow showing rotate, watermark and page number actions",1200,720,OK
https://liftpdf.com/guides/watermark-pdf-before-sharing,https://liftpdf.com/images/editorial/pdf-editing-controls-workflow.svg,"PDF editing controls workflow showing rotate, watermark and page number actions",1200,720,OK
https://liftpdf.com/guides/add-page-numbers-before-sharing-pdf,https://liftpdf.com/images/editorial/pdf-editing-controls-workflow.svg,"PDF editing controls workflow showing rotate, watermark and page number actions",1200,720,OK
https://liftpdf.com/guides/extract-pdf-pages-for-email,https://liftpdf.com/images/editorial/save-selected-pdf-pages-workflow.svg,Selected PDF pages workflow showing one page and multiple selected pages saved as a new PDF,1200,720,OK
