url,type,title,h1,canonical,indexable,in_sitemap,status_code,content_length,internal_inlinks,internal_outlinks,schema_types,primary_intent,target_keyword,content_quality,action
https://liftpdf.com,home,"LiftPDF - Free PDF tools to convert, merge, split, compress, protect and edit files directly in your browser.",Every PDF Tool You Need,https://liftpdf.com/,YES,YES,200,709,0,66,Organization|WebSite|SoftwareApplication,home,liftpdf,SHORT_OR_TRUST,KEEP
https://liftpdf.com/pdf-tools,tool_index,All PDF Tools Online - 17 Browser PDF Tools | LiftPDF,All PDF Tools,https://liftpdf.com/pdf-tools,YES,YES,200,792,468,70,CollectionPage|BreadcrumbList|FAQPage,tool_index,pdf-tools,SHORT_OR_TRUST,ENRICHED_OR_REVIEW
https://liftpdf.com/pdf-converter,category,PDF Converter Online | LiftPDF - Free Browser PDF Tools,PDF Converter Online | LiftPDF,https://liftpdf.com/pdf-converter,YES,YES,200,847,419,57,CollectionPage|Article|BreadcrumbList|FAQPage,category,pdf-converter,SHORT_OR_TRUST,ENRICHED_OR_REVIEW
https://liftpdf.com/pdf-editor,category,PDF Editor Online | LiftPDF - Free PDF Editing Tools,PDF Editor Online | LiftPDF,https://liftpdf.com/pdf-editor,YES,YES,200,755,407,56,CollectionPage|Article|BreadcrumbList|FAQPage,category,pdf-editor,SHORT_OR_TRUST,ENRICHED_OR_REVIEW
https://liftpdf.com/pdf-security,category,PDF Security Tools - Protect and Unlock PDFs | LiftPDF,PDF Security Tools - Protect and Unlock PDFs | LiftPDF,https://liftpdf.com/pdf-security,YES,YES,200,799,160,56,CollectionPage|Article|BreadcrumbList|FAQPage,category,pdf-security,SHORT_OR_TRUST,ENRICHED_OR_REVIEW
https://liftpdf.com/pdf-image-tools,category,PDF Image Tools | LiftPDF - Image and PDF Converters,PDF Image Tools | LiftPDF,https://liftpdf.com/pdf-image-tools,YES,YES,200,745,180,56,CollectionPage|Article|BreadcrumbList|FAQPage,category,pdf-image-tools,SHORT_OR_TRUST,ENRICHED_OR_REVIEW
https://liftpdf.com/organize-pdf,category,Organize PDF Online | LiftPDF - Free PDF Organizer,Organize PDF Online | LiftPDF,https://liftpdf.com/organize-pdf,YES,YES,200,782,204,59,CollectionPage|Article|BreadcrumbList|FAQPage,category,organize-pdf,SHORT_OR_TRUST,ENRICHED_OR_REVIEW
https://liftpdf.com/privacy,trust,Privacy First PDF Tools | LiftPDF,Privacy First,https://liftpdf.com/privacy,YES,YES,200,671,158,40,WebPage|BreadcrumbList|FAQPage,trust,privacy,SHORT_OR_TRUST,KEEP
https://liftpdf.com/cookies,trust,Cookie Policy | LiftPDF,Cookie Policy,https://liftpdf.com/cookies,YES,YES,200,244,136,36,WebPage|BreadcrumbList,trust,cookies,SHORT_OR_TRUST,KEEP
https://liftpdf.com/security,trust,LiftPDF Security Overview | Browser-Side PDF Processing,Security Overview,https://liftpdf.com/security,YES,YES,200,430,157,38,WebPage|BreadcrumbList|FAQPage,trust,security,SHORT_OR_TRUST,KEEP
https://liftpdf.com/about,trust,About LiftPDF | Private Browser-Based PDF Tools,Why LiftPDF exists,https://liftpdf.com/about,YES,YES,200,250,135,38,AboutPage|BreadcrumbList,trust,about,SHORT_OR_TRUST,KEEP
https://liftpdf.com/why-liftpdf,trust,Why LiftPDF | Private PDF Tools in Your Browser,A private way to work with PDFs,https://liftpdf.com/why-liftpdf,YES,YES,200,366,137,39,WebPage|BreadcrumbList|FAQPage,trust,why-liftpdf,SHORT_OR_TRUST,KEEP
https://liftpdf.com/terms,trust,Terms of Use | LiftPDF,Terms of Use,https://liftpdf.com/terms,YES,YES,200,261,134,35,WebPage,trust,terms,SHORT_OR_TRUST,KEEP
https://liftpdf.com/contact,trust,Contact LiftPDF | Support and Product Questions,Contact LiftPDF,https://liftpdf.com/contact,YES,YES,200,159,138,35,ContactPage,trust,contact,SHORT_OR_TRUST,KEEP
https://liftpdf.com/learn,editorial_hub,"LiftPDF Learning Center | PDF Guides, Help and Glossary",LiftPDF Learning Center,https://liftpdf.com/learn,YES,YES,200,1455,502,102,CollectionPage|BreadcrumbList,editorial_hub,learn,SUBSTANTIAL,KEEP
https://liftpdf.com/guides,editorial_hub,PDF Guides | LiftPDF Learning Center,PDF guides for real document tasks,https://liftpdf.com/guides,YES,YES,200,3918,136,152,CollectionPage|BreadcrumbList,editorial_hub,guides,SUBSTANTIAL,KEEP
https://liftpdf.com/pdf-glossary,editorial_hub,PDF Glossary | LiftPDF,PDF terms explained simply,https://liftpdf.com/pdf-glossary,YES,YES,200,967,205,75,DefinedTermSet|BreadcrumbList,editorial_hub,pdf-glossary,SUBSTANTIAL,KEEP
https://liftpdf.com/help,editorial_hub,Help Center | LiftPDF,Help for common PDF workflows,https://liftpdf.com/help,YES,YES,200,338,167,55,CollectionPage|FAQPage|BreadcrumbList,editorial_hub,help,SHORT_OR_TRUST,KEEP
https://liftpdf.com/learn/pdf-basics,learning_topic,PDF Basics Guides | LiftPDF Learning Center,PDF Basics,https://liftpdf.com/learn/pdf-basics,YES,YES,200,713,18,53,CollectionPage|BreadcrumbList|FAQPage,learning_topic,pdf-basics,SHORT_OR_TRUST,KEEP
https://liftpdf.com/learn/convert-pdf,learning_topic,Convert PDF Guides | LiftPDF Learning Center,Convert PDF,https://liftpdf.com/learn/convert-pdf,YES,YES,200,629,9,51,CollectionPage|BreadcrumbList|FAQPage,learning_topic,convert-pdf,SHORT_OR_TRUST,KEEP
https://liftpdf.com/learn/organize-pdf,learning_topic,Organize PDF Guides | LiftPDF Learning Center,Organize PDF,https://liftpdf.com/learn/organize-pdf,YES,YES,200,1041,22,63,CollectionPage|BreadcrumbList|FAQPage,learning_topic,organize-pdf,SUBSTANTIAL,KEEP
https://liftpdf.com/learn/edit-pdf,learning_topic,Edit PDF Guides | LiftPDF Learning Center,Edit PDF,https://liftpdf.com/learn/edit-pdf,YES,YES,200,812,1,58,CollectionPage|BreadcrumbList|FAQPage,learning_topic,edit-pdf,SHORT_OR_TRUST,KEEP
https://liftpdf.com/learn/pdf-security,learning_topic,PDF Security Guides | LiftPDF Learning Center,PDF Security,https://liftpdf.com/learn/pdf-security,YES,YES,200,588,14,51,CollectionPage|BreadcrumbList|FAQPage,learning_topic,pdf-security,SHORT_OR_TRUST,KEEP
https://liftpdf.com/learn/pdf-images,learning_topic,PDF and Images Guides | LiftPDF Learning Center,PDF and Images,https://liftpdf.com/learn/pdf-images,YES,YES,200,823,11,58,CollectionPage|BreadcrumbList|FAQPage,learning_topic,pdf-images,SHORT_OR_TRUST,KEEP
https://liftpdf.com/learn/troubleshooting,learning_topic,Troubleshooting Guides | LiftPDF Learning Center,Troubleshooting,https://liftpdf.com/learn/troubleshooting,YES,YES,200,733,15,54,CollectionPage|BreadcrumbList|FAQPage,learning_topic,troubleshooting,SHORT_OR_TRUST,KEEP
https://liftpdf.com/learn/comparisons,learning_topic,Comparisons Guides | LiftPDF Learning Center,Comparisons,https://liftpdf.com/learn/comparisons,YES,YES,200,591,14,51,CollectionPage|BreadcrumbList|FAQPage,learning_topic,comparisons,SHORT_OR_TRUST,KEEP
https://liftpdf.com/jpg-to-pdf,tool,JPG to PDF - Convert JPG Images Online | LiftPDF,JPG to PDF Converter,https://liftpdf.com/jpg-to-pdf,YES,YES,200,1635,755,48,WebApplication|BreadcrumbList|HowTo|SoftwareApplication|FAQPage,tool,jpg-to-pdf,SUBSTANTIAL,KEEP
https://liftpdf.com/png-to-pdf,tool,PNG to PDF Converter - Free Online Tool | LiftPDF,PNG to PDF Converter,https://liftpdf.com/png-to-pdf,YES,YES,200,1346,33,48,WebApplication|BreadcrumbList|HowTo|SoftwareApplication|FAQPage,tool,png-to-pdf,SUBSTANTIAL,KEEP
https://liftpdf.com/images-to-pdf,tool,Images to PDF Converter - Free Online Tool | LiftPDF,Images to PDF Converter,https://liftpdf.com/images-to-pdf,YES,YES,200,1375,40,48,WebApplication|BreadcrumbList|HowTo|SoftwareApplication|FAQPage,tool,images-to-pdf,SUBSTANTIAL,KEEP
https://liftpdf.com/pdf-to-jpg,tool,PDF to JPG - Convert PDF Pages to Images | LiftPDF,PDF to JPG Converter,https://liftpdf.com/pdf-to-jpg,YES,YES,200,1390,40,47,WebApplication|BreadcrumbList|HowTo|SoftwareApplication|FAQPage,tool,pdf-to-jpg,SUBSTANTIAL,KEEP
https://liftpdf.com/pdf-to-png,tool,PDF to PNG Converter - Free Online Tool | LiftPDF,PDF to PNG Converter,https://liftpdf.com/pdf-to-png,YES,YES,200,1240,19,47,WebApplication|BreadcrumbList|HowTo|SoftwareApplication|FAQPage,tool,pdf-to-png,SUBSTANTIAL,KEEP
https://liftpdf.com/merge-pdf,tool,Merge PDF Online - Combine PDF Files | LiftPDF,Merge PDF Online,https://liftpdf.com/merge-pdf,YES,YES,200,1461,250,50,WebApplication|BreadcrumbList|HowTo|SoftwareApplication|FAQPage,tool,merge-pdf,SUBSTANTIAL,KEEP
https://liftpdf.com/split-pdf,tool,Split PDF Online - Free PDF Splitter | LiftPDF,Split PDF Online,https://liftpdf.com/split-pdf,YES,YES,200,1297,43,47,WebApplication|BreadcrumbList|HowTo|SoftwareApplication|FAQPage,tool,split-pdf,SUBSTANTIAL,KEEP
https://liftpdf.com/compress-pdf,tool,Compress PDF Online - Reduce PDF File Size | LiftPDF,Compress PDF Online,https://liftpdf.com/compress-pdf,YES,YES,200,1368,202,49,WebApplication|BreadcrumbList|HowTo|SoftwareApplication|FAQPage,tool,compress-pdf,SUBSTANTIAL,KEEP
https://liftpdf.com/rotate-pdf,tool,Rotate PDF Online - Free PDF Rotator | LiftPDF,Rotate PDF Online,https://liftpdf.com/rotate-pdf,YES,YES,200,1199,16,48,WebApplication|BreadcrumbList|HowTo|SoftwareApplication|FAQPage,tool,rotate-pdf,SUBSTANTIAL,ENRICHED_OR_REVIEW
https://liftpdf.com/add-page-numbers,tool,Add Page Numbers to PDF Online | LiftPDF,Add Page Numbers to PDF,https://liftpdf.com/add-page-numbers,YES,YES,200,1333,17,48,WebApplication|BreadcrumbList|HowTo|SoftwareApplication|FAQPage,tool,add-page-numbers,SUBSTANTIAL,KEEP
https://liftpdf.com/watermark-pdf,tool,Watermark PDF Online - Add Text or Image Watermark | LiftPDF,Watermark PDF Online,https://liftpdf.com/watermark-pdf,YES,YES,200,1300,18,47,WebApplication|BreadcrumbList|HowTo|SoftwareApplication|FAQPage,tool,watermark-pdf,SUBSTANTIAL,KEEP
https://liftpdf.com/pdf-to-text,tool,PDF to Text Online Free | Extract Text from PDF | LiftPDF,PDF to Text,https://liftpdf.com/pdf-to-text,YES,YES,200,1205,20,47,WebApplication|BreadcrumbList|HowTo|SoftwareApplication|FAQPage,tool,pdf-to-text,SUBSTANTIAL,KEEP
https://liftpdf.com/protect-pdf,tool,Protect PDF - Add a Password to PDF | LiftPDF,Protect PDF,https://liftpdf.com/protect-pdf,YES,YES,200,1190,26,48,WebApplication|BreadcrumbList|HowTo|SoftwareApplication|FAQPage,tool,protect-pdf,SUBSTANTIAL,ENRICHED_OR_REVIEW
https://liftpdf.com/unlock-pdf,tool,Unlock PDF - Remove Known PDF Passwords | LiftPDF,Unlock PDF,https://liftpdf.com/unlock-pdf,YES,YES,200,1221,25,48,WebApplication|BreadcrumbList|HowTo|SoftwareApplication|FAQPage,tool,unlock-pdf,SUBSTANTIAL,KEEP
https://liftpdf.com/delete-pages,tool,Remove Pages from PDF Online Free | LiftPDF,Delete PDF Pages,https://liftpdf.com/delete-pages,YES,YES,200,1475,47,47,WebApplication|BreadcrumbList|HowTo|SoftwareApplication|FAQPage,tool,delete-pages,SUBSTANTIAL,KEEP
https://liftpdf.com/extract-pages,tool,Extract PDF Pages Online Free | LiftPDF,Extract PDF Pages,https://liftpdf.com/extract-pages,YES,YES,200,1662,64,52,WebApplication|BreadcrumbList|HowTo|SoftwareApplication|FAQPage,tool,extract-pages,SUBSTANTIAL,KEEP
https://liftpdf.com/reorder-pages,tool,Reorder PDF Pages Online Free | LiftPDF,Reorder PDF Pages,https://liftpdf.com/reorder-pages,YES,YES,200,1443,45,47,WebApplication|BreadcrumbList|HowTo|SoftwareApplication|FAQPage,tool,reorder-pages,SUBSTANTIAL,KEEP
https://liftpdf.com/guides/how-to-extract-pages-from-pdf,guide,How to Extract Pages From a PDF | LiftPDF,How to Extract Pages From a PDF,https://liftpdf.com/guides/how-to-extract-pages-from-pdf,YES,YES,200,961,9,54,Article|BreadcrumbList|HowTo|FAQPage,guide,how-to-extract-pages-from-pdf,SUBSTANTIAL,KEEP
https://liftpdf.com/guides/extract-one-page-from-pdf,guide,How to Extract One Page From a PDF | LiftPDF,How to Extract One Page From a PDF,https://liftpdf.com/guides/extract-one-page-from-pdf,YES,YES,200,543,3,50,Article|BreadcrumbList|HowTo|FAQPage,guide,extract-one-page-from-pdf,SHORT_OR_TRUST,REVIEW_THIN
https://liftpdf.com/guides/extract-multiple-pages-from-pdf,guide,How to Extract Multiple PDF Pages | LiftPDF,How to Extract Multiple Pages From a PDF,https://liftpdf.com/guides/extract-multiple-pages-from-pdf,YES,YES,200,527,4,50,Article|BreadcrumbList|HowTo|FAQPage,guide,extract-multiple-pages-from-pdf,SHORT_OR_TRUST,REVIEW_THIN
https://liftpdf.com/guides/extract-pdf-pages-without-adobe,guide,Extract PDF Pages Without Adobe | LiftPDF,How to Extract PDF Pages Without Adobe,https://liftpdf.com/guides/extract-pdf-pages-without-adobe,YES,YES,200,525,2,50,Article|BreadcrumbList|HowTo|FAQPage,guide,extract-pdf-pages-without-adobe,SHORT_OR_TRUST,REVIEW_THIN
https://liftpdf.com/guides/extract-pages-from-password-protected-pdf,guide,Extract Pages From a Password Protected PDF | LiftPDF,How to Extract Pages From a Password Protected PDF,https://liftpdf.com/guides/extract-pages-from-password-protected-pdf,YES,YES,200,543,3,50,Article|BreadcrumbList|HowTo|FAQPage,guide,extract-pages-from-password-protected-pdf,SHORT_OR_TRUST,REVIEW_THIN
https://liftpdf.com/guides/extract-pages-from-scanned-pdf,guide,Extract Pages From a Scanned PDF | LiftPDF,How to Extract Pages From a Scanned PDF,https://liftpdf.com/guides/extract-pages-from-scanned-pdf,YES,YES,200,555,3,50,Article|BreadcrumbList|HowTo|FAQPage,guide,extract-pages-from-scanned-pdf,SHORT_OR_TRUST,REVIEW_THIN
https://liftpdf.com/guides/extract-pages-vs-split-pdf,guide,Extract Pages vs Split PDF | LiftPDF,Extract Pages vs Split PDF,https://liftpdf.com/guides/extract-pages-vs-split-pdf,YES,YES,200,663,4,51,Article|BreadcrumbList|FAQPage,guide,extract-pages-vs-split-pdf,SHORT_OR_TRUST,REVIEW_THIN
https://liftpdf.com/guides/how-to-merge-pdf,guide,How to Merge PDF Files Online | LiftPDF,How to Merge PDF Files,https://liftpdf.com/guides/how-to-merge-pdf,YES,YES,200,950,10,54,Article|BreadcrumbList|HowTo|FAQPage,guide,how-to-merge-pdf,SUBSTANTIAL,KEEP
https://liftpdf.com/guides/merge-pdf-online,guide,Merge PDF Online Free | LiftPDF,Merge PDF Online Guide,https://liftpdf.com/guides/merge-pdf-online,YES,YES,200,656,1,51,Article|BreadcrumbList|HowTo|FAQPage,guide,merge-pdf-online,SHORT_OR_TRUST,REVIEW_THIN
https://liftpdf.com/guides/merge-pdf-without-adobe,guide,Merge PDF Without Adobe Acrobat | LiftPDF,How to Merge PDF Files Without Adobe,https://liftpdf.com/guides/merge-pdf-without-adobe,YES,YES,200,623,2,51,Article|BreadcrumbList|HowTo|FAQPage,guide,merge-pdf-without-adobe,SHORT_OR_TRUST,REVIEW_THIN
https://liftpdf.com/guides/merge-two-pdf-files,guide,Merge Two PDF Files Into One | LiftPDF,How to Merge Two PDF Files,https://liftpdf.com/guides/merge-two-pdf-files,YES,YES,200,650,1,51,Article|BreadcrumbList|HowTo|FAQPage,guide,merge-two-pdf-files,SHORT_OR_TRUST,REVIEW_THIN
https://liftpdf.com/guides/merge-multiple-pdf-files,guide,Merge Multiple PDF Files Into One | LiftPDF,How to Merge Multiple PDF Files,https://liftpdf.com/guides/merge-multiple-pdf-files,YES,YES,200,634,3,51,Article|BreadcrumbList|HowTo|FAQPage,guide,merge-multiple-pdf-files,SHORT_OR_TRUST,REVIEW_THIN
https://liftpdf.com/guides/merge-pdf-free,guide,Merge PDF Free Online | LiftPDF,Merge PDF Free,https://liftpdf.com/guides/merge-pdf-free,YES,YES,200,601,1,51,Article|BreadcrumbList|HowTo|FAQPage,guide,merge-pdf-free,SHORT_OR_TRUST,REVIEW_THIN
https://liftpdf.com/guides/why-cant-i-merge-pdf-files,guide,Why Can't I Merge PDF Files? | LiftPDF,Why Can't I Merge PDF Files?,https://liftpdf.com/guides/why-cant-i-merge-pdf-files,YES,YES,200,652,4,51,Article|BreadcrumbList|HowTo|FAQPage,guide,why-cant-i-merge-pdf-files,SHORT_OR_TRUST,REVIEW_THIN
https://liftpdf.com/guides/why-is-my-merged-pdf-too-large,guide,Why Is My Merged PDF Too Large? | LiftPDF,Why Is My Merged PDF Too Large?,https://liftpdf.com/guides/why-is-my-merged-pdf-too-large,YES,YES,200,629,4,51,Article|BreadcrumbList|HowTo|FAQPage,guide,why-is-my-merged-pdf-too-large,SHORT_OR_TRUST,REVIEW_THIN
https://liftpdf.com/guides/why-does-merge-pdf-fail,guide,Why Does Merge PDF Fail? | LiftPDF,Why Does Merge PDF Fail?,https://liftpdf.com/guides/why-does-merge-pdf-fail,YES,YES,200,618,3,51,Article|BreadcrumbList|HowTo|FAQPage,guide,why-does-merge-pdf-fail,SHORT_OR_TRUST,REVIEW_THIN
https://liftpdf.com/guides/why-cant-i-merge-protected-pdfs,guide,Why Can't I Merge Protected PDFs? | LiftPDF,Why Can't I Merge Protected PDFs?,https://liftpdf.com/guides/why-cant-i-merge-protected-pdfs,YES,YES,200,578,3,51,Article|BreadcrumbList|HowTo|FAQPage,guide,why-cant-i-merge-protected-pdfs,SHORT_OR_TRUST,REVIEW_THIN
https://liftpdf.com/guides/merge-pdf-vs-combine-pdf,guide,Merge PDF vs Combine PDF | LiftPDF,Merge PDF vs Combine PDF,https://liftpdf.com/guides/merge-pdf-vs-combine-pdf,YES,YES,200,667,4,51,Article|BreadcrumbList|HowTo|FAQPage,guide,merge-pdf-vs-combine-pdf,SHORT_OR_TRUST,REVIEW_THIN
https://liftpdf.com/guides/merge-pdf-vs-adobe,guide,LiftPDF Merge PDF vs Adobe Acrobat | LiftPDF,Merge PDF: LiftPDF vs Adobe Acrobat,https://liftpdf.com/guides/merge-pdf-vs-adobe,YES,YES,200,603,1,51,Article|BreadcrumbList|HowTo|FAQPage,guide,merge-pdf-vs-adobe,SHORT_OR_TRUST,REVIEW_THIN
https://liftpdf.com/guides/merge-pdf-vs-smallpdf,guide,LiftPDF Merge PDF vs Smallpdf | LiftPDF,Merge PDF: LiftPDF vs Smallpdf,https://liftpdf.com/guides/merge-pdf-vs-smallpdf,YES,YES,200,600,1,51,Article|BreadcrumbList|HowTo|FAQPage,guide,merge-pdf-vs-smallpdf,SHORT_OR_TRUST,REVIEW_THIN
https://liftpdf.com/guides/merge-pdf-vs-ilovepdf,guide,LiftPDF Merge PDF vs iLovePDF | LiftPDF,Merge PDF: LiftPDF vs iLovePDF,https://liftpdf.com/guides/merge-pdf-vs-ilovepdf,YES,YES,200,590,1,51,Article|BreadcrumbList|HowTo|FAQPage,guide,merge-pdf-vs-ilovepdf,SHORT_OR_TRUST,REVIEW_THIN
https://liftpdf.com/guides/merge-pdf-faq,guide,Merge PDF FAQ | LiftPDF,Merge PDF FAQ,https://liftpdf.com/guides/merge-pdf-faq,YES,YES,200,605,1,51,Article|BreadcrumbList|HowTo|FAQPage,guide,merge-pdf-faq,SHORT_OR_TRUST,REVIEW_THIN
https://liftpdf.com/guides/how-to-convert-jpg-to-pdf,guide,How to Convert JPG to PDF Online | LiftPDF,How to Convert JPG to PDF,https://liftpdf.com/guides/how-to-convert-jpg-to-pdf,YES,YES,200,1030,8,54,Article|BreadcrumbList|HowTo|FAQPage,guide,how-to-convert-jpg-to-pdf,SUBSTANTIAL,KEEP
https://liftpdf.com/guides/how-to-convert-multiple-jpg-to-pdf,guide,How to Convert Multiple JPG Files to One PDF | LiftPDF,How to Convert Multiple JPG Files to One PDF,https://liftpdf.com/guides/how-to-convert-multiple-jpg-to-pdf,YES,YES,200,689,5,51,Article|BreadcrumbList|HowTo|FAQPage,guide,how-to-convert-multiple-jpg-to-pdf,SHORT_OR_TRUST,REVIEW_THIN
https://liftpdf.com/guides/how-to-convert-jpg-to-pdf-without-losing-quality,guide,Convert JPG to PDF Without Losing Quality | LiftPDF,How to Convert JPG to PDF Without Losing Quality,https://liftpdf.com/guides/how-to-convert-jpg-to-pdf-without-losing-quality,YES,YES,200,740,5,51,Article|BreadcrumbList|HowTo|FAQPage,guide,how-to-convert-jpg-to-pdf-without-losing-quality,SHORT_OR_TRUST,REVIEW_THIN
https://liftpdf.com/guides/jpg-to-pdf-online,guide,JPG to PDF Online Free | LiftPDF,JPG to PDF Online,https://liftpdf.com/guides/jpg-to-pdf-online,YES,YES,200,643,2,50,Article|BreadcrumbList|HowTo|FAQPage,guide,jpg-to-pdf-online,SHORT_OR_TRUST,REVIEW_THIN
https://liftpdf.com/guides/jpg-to-pdf-without-adobe,guide,JPG to PDF Without Adobe | LiftPDF,How to Convert JPG to PDF Without Adobe,https://liftpdf.com/guides/jpg-to-pdf-without-adobe,YES,YES,200,658,1,51,Article|BreadcrumbList|HowTo|FAQPage,guide,jpg-to-pdf-without-adobe,SHORT_OR_TRUST,REVIEW_THIN
https://liftpdf.com/guides/jpg-to-pdf-free,guide,Free JPG to PDF Converter | LiftPDF,Free JPG to PDF Converter,https://liftpdf.com/guides/jpg-to-pdf-free,YES,YES,200,608,1,50,Article|BreadcrumbList|HowTo|FAQPage,guide,jpg-to-pdf-free,SHORT_OR_TRUST,REVIEW_THIN
https://liftpdf.com/guides/why-is-my-jpg-blurry-after-pdf,guide,Why Is My JPG Blurry After Converting to PDF? | LiftPDF,Why Is My JPG Blurry After PDF Conversion?,https://liftpdf.com/guides/why-is-my-jpg-blurry-after-pdf,YES,YES,200,844,7,52,Article|BreadcrumbList|HowTo|FAQPage,guide,why-is-my-jpg-blurry-after-pdf,SHORT_OR_TRUST,REVIEW_THIN
https://liftpdf.com/guides/why-is-my-pdf-too-large-after-converting-jpg,guide,Why Is My PDF Too Large After Converting JPG? | LiftPDF,Why Is My PDF Too Large After Converting JPG?,https://liftpdf.com/guides/why-is-my-pdf-too-large-after-converting-jpg,YES,YES,200,573,2,50,Article|BreadcrumbList|HowTo|FAQPage,guide,why-is-my-pdf-too-large-after-converting-jpg,SHORT_OR_TRUST,REVIEW_THIN
https://liftpdf.com/guides/why-cant-i-convert-jpg-to-pdf,guide,Why Can't I Convert JPG to PDF? | LiftPDF,Why Can't I Convert JPG to PDF?,https://liftpdf.com/guides/why-cant-i-convert-jpg-to-pdf,YES,YES,200,552,3,50,Article|BreadcrumbList|HowTo|FAQPage,guide,why-cant-i-convert-jpg-to-pdf,SHORT_OR_TRUST,REVIEW_THIN
https://liftpdf.com/guides/how-to-keep-original-image-quality,guide,How to Keep Original Image Quality in PDF | LiftPDF,How to Keep Original Image Quality in PDF,https://liftpdf.com/guides/how-to-keep-original-image-quality,YES,YES,200,696,4,51,Article|BreadcrumbList|HowTo|FAQPage,guide,how-to-keep-original-image-quality,SHORT_OR_TRUST,REVIEW_THIN
https://liftpdf.com/guides/jpg-vs-png,guide,JPG vs PNG: Which Should You Convert to PDF? | LiftPDF,JPG vs PNG for PDF Conversion,https://liftpdf.com/guides/jpg-vs-png,YES,YES,200,702,16,52,Article|BreadcrumbList|HowTo|FAQPage,guide,jpg-vs-png,SHORT_OR_TRUST,REVIEW_THIN
https://liftpdf.com/guides/jpg-to-pdf-vs-word,guide,JPG to PDF vs Word: Which Format Should You Use? | LiftPDF,JPG to PDF vs Word,https://liftpdf.com/guides/jpg-to-pdf-vs-word,YES,YES,200,546,2,50,Article|BreadcrumbList|HowTo|FAQPage,guide,jpg-to-pdf-vs-word,SHORT_OR_TRUST,REVIEW_THIN
https://liftpdf.com/guides/jpg-to-pdf-vs-smallpdf,guide,JPG to PDF: LiftPDF vs Smallpdf | LiftPDF,JPG to PDF: LiftPDF vs Smallpdf,https://liftpdf.com/guides/jpg-to-pdf-vs-smallpdf,YES,YES,200,636,1,51,Article|BreadcrumbList|HowTo|FAQPage,guide,jpg-to-pdf-vs-smallpdf,SHORT_OR_TRUST,REVIEW_THIN
https://liftpdf.com/guides/jpg-to-pdf-vs-adobe,guide,JPG to PDF: LiftPDF vs Adobe Acrobat | LiftPDF,JPG to PDF: LiftPDF vs Adobe Acrobat,https://liftpdf.com/guides/jpg-to-pdf-vs-adobe,YES,YES,200,514,1,50,Article|BreadcrumbList|HowTo|FAQPage,guide,jpg-to-pdf-vs-adobe,SHORT_OR_TRUST,REVIEW_THIN
https://liftpdf.com/guides/jpg-to-pdf-faq,guide,JPG to PDF FAQ | LiftPDF,JPG to PDF FAQ,https://liftpdf.com/guides/jpg-to-pdf-faq,YES,YES,200,558,1,50,Article|BreadcrumbList|HowTo|FAQPage,guide,jpg-to-pdf-faq,SHORT_OR_TRUST,REVIEW_THIN
https://liftpdf.com/guides/what-is-a-pdf,guide,What Is a PDF? Simple Definition and Examples | LiftPDF,What Is a PDF?,https://liftpdf.com/guides/what-is-a-pdf,YES,YES,200,770,8,49,Article|BreadcrumbList|HowTo|FAQPage,guide,what-is-a-pdf,SHORT_OR_TRUST,REVIEW_THIN
https://liftpdf.com/guides/jpg-vs-jpeg,guide,JPG vs JPEG: Is There a Difference? | LiftPDF,JPG vs JPEG,https://liftpdf.com/guides/jpg-vs-jpeg,YES,YES,200,388,4,45,Article|BreadcrumbList|FAQPage,guide,jpg-vs-jpeg,SHORT_OR_TRUST,REVIEW_THIN
https://liftpdf.com/guides/png-vs-pdf,guide,PNG vs PDF: Which Format Should You Use? | LiftPDF,PNG vs PDF,https://liftpdf.com/guides/png-vs-pdf,YES,YES,200,361,6,45,Article|BreadcrumbList|FAQPage,guide,png-vs-pdf,SHORT_OR_TRUST,REVIEW_THIN
https://liftpdf.com/guides/what-is-pdf-compression,guide,What Is PDF Compression? | LiftPDF,What Is PDF Compression?,https://liftpdf.com/guides/what-is-pdf-compression,YES,YES,200,533,7,47,Article|BreadcrumbList|FAQPage,guide,what-is-pdf-compression,SHORT_OR_TRUST,REVIEW_THIN
https://liftpdf.com/guides/what-is-a-password-protected-pdf,guide,What Is a Password-Protected PDF? | LiftPDF,What Is a Password-Protected PDF?,https://liftpdf.com/guides/what-is-a-password-protected-pdf,YES,YES,200,438,11,46,Article|BreadcrumbList|FAQPage,guide,what-is-a-password-protected-pdf,SHORT_OR_TRUST,REVIEW_THIN
https://liftpdf.com/guides/what-is-browser-based-pdf-processing,guide,What Is Browser-Based PDF Processing? | LiftPDF,What Is Browser-Based PDF Processing?,https://liftpdf.com/guides/what-is-browser-based-pdf-processing,YES,YES,200,449,14,46,Article|BreadcrumbList|FAQPage,guide,what-is-browser-based-pdf-processing,SHORT_OR_TRUST,REVIEW_THIN
https://liftpdf.com/guides/scanned-pdf-vs-searchable-pdf,guide,Scanned PDF vs Searchable PDF | LiftPDF,Scanned PDF vs Searchable PDF,https://liftpdf.com/guides/scanned-pdf-vs-searchable-pdf,YES,YES,200,471,16,47,Article|BreadcrumbList|FAQPage,guide,scanned-pdf-vs-searchable-pdf,SHORT_OR_TRUST,REVIEW_THIN
https://liftpdf.com/guides/why-is-my-pdf-too-large,guide,Why Is My PDF Too Large? Causes and Fixes | LiftPDF,Why Is My PDF Too Large?,https://liftpdf.com/guides/why-is-my-pdf-too-large,YES,YES,200,616,9,49,Article|BreadcrumbList|HowTo|FAQPage,guide,why-is-my-pdf-too-large,SHORT_OR_TRUST,REVIEW_THIN
https://liftpdf.com/guides/how-to-reduce-pdf-file-size-for-email,guide,How to Reduce PDF File Size for Email | LiftPDF,How to Reduce PDF File Size for Email,https://liftpdf.com/guides/how-to-reduce-pdf-file-size-for-email,YES,YES,200,488,5,47,Article|BreadcrumbList|HowTo|FAQPage,guide,how-to-reduce-pdf-file-size-for-email,SHORT_OR_TRUST,REVIEW_THIN
https://liftpdf.com/guides/how-to-combine-scanned-documents-into-one-pdf,guide,How to Combine Scanned Documents Into One PDF | LiftPDF,How to Combine Scanned Documents Into One PDF,https://liftpdf.com/guides/how-to-combine-scanned-documents-into-one-pdf,YES,YES,200,441,2,47,Article|BreadcrumbList|HowTo|FAQPage,guide,how-to-combine-scanned-documents-into-one-pdf,SHORT_OR_TRUST,REVIEW_THIN
https://liftpdf.com/guides/how-to-prepare-a-pdf-for-online-submission,guide,How to Prepare a PDF for Online Submission | LiftPDF,How to Prepare a PDF for Online Submission,https://liftpdf.com/guides/how-to-prepare-a-pdf-for-online-submission,YES,YES,200,475,6,45,Article|BreadcrumbList|HowTo|FAQPage,guide,how-to-prepare-a-pdf-for-online-submission,SHORT_OR_TRUST,REVIEW_THIN
https://liftpdf.com/guides/how-to-organize-pdf-pages-before-sending,guide,How to Organize PDF Pages Before Sending | LiftPDF,How to Organize PDF Pages Before Sending,https://liftpdf.com/guides/how-to-organize-pdf-pages-before-sending,YES,YES,200,390,3,46,Article|BreadcrumbList|HowTo|FAQPage,guide,how-to-organize-pdf-pages-before-sending,SHORT_OR_TRUST,REVIEW_THIN
https://liftpdf.com/guides/how-to-turn-phone-photos-into-a-pdf,guide,How to Turn Phone Photos Into a PDF | LiftPDF,How to Turn Phone Photos Into a PDF,https://liftpdf.com/guides/how-to-turn-phone-photos-into-a-pdf,YES,YES,200,405,4,46,Article|BreadcrumbList|HowTo|FAQPage,guide,how-to-turn-phone-photos-into-a-pdf,SHORT_OR_TRUST,REVIEW_THIN
https://liftpdf.com/guides/how-to-keep-pdf-images-sharp,guide,How to Keep PDF Images Sharp | LiftPDF,How to Keep PDF Images Sharp,https://liftpdf.com/guides/how-to-keep-pdf-images-sharp,YES,YES,200,396,4,46,Article|BreadcrumbList|HowTo|FAQPage,guide,how-to-keep-pdf-images-sharp,SHORT_OR_TRUST,REVIEW_THIN
https://liftpdf.com/guides/why-pdf-opens-blank,guide,Why a PDF Opens Blank and How to Fix It | LiftPDF,Why a PDF Opens Blank and How to Fix It,https://liftpdf.com/guides/why-pdf-opens-blank,YES,YES,200,394,6,46,Article|BreadcrumbList|HowTo|FAQPage,guide,why-pdf-opens-blank,SHORT_OR_TRUST,REVIEW_THIN
https://liftpdf.com/guides/why-a-pdf-is-password-protected,guide,Why a PDF Is Password Protected | LiftPDF,Why a PDF Is Password Protected,https://liftpdf.com/guides/why-a-pdf-is-password-protected,YES,YES,200,391,6,46,Article|BreadcrumbList|HowTo|FAQPage,guide,why-a-pdf-is-password-protected,SHORT_OR_TRUST,REVIEW_THIN
https://liftpdf.com/guides/pdf-vs-jpg,guide,PDF vs JPG: Which Format Should You Use? | LiftPDF,PDF vs JPG,https://liftpdf.com/guides/pdf-vs-jpg,YES,YES,200,368,4,46,Article|BreadcrumbList|HowTo|FAQPage,guide,pdf-vs-jpg,SHORT_OR_TRUST,REVIEW_THIN
https://liftpdf.com/guides/pdf-vs-png,guide,PDF vs PNG: Which Format Should You Use? | LiftPDF,PDF vs PNG,https://liftpdf.com/guides/pdf-vs-png,YES,YES,200,383,5,46,Article|BreadcrumbList|HowTo|FAQPage,guide,pdf-vs-png,SHORT_OR_TRUST,REVIEW_THIN
https://liftpdf.com/guides/how-to-compress-pdf-without-losing-quality,guide,How to Compress a PDF Without Losing Quality | LiftPDF,How to Compress a PDF Without Losing Quality,https://liftpdf.com/guides/how-to-compress-pdf-without-losing-quality,YES,YES,200,609,5,48,Article|BreadcrumbList|HowTo|FAQPage,guide,how-to-compress-pdf-without-losing-quality,SHORT_OR_TRUST,REVIEW_THIN
https://liftpdf.com/guides/compress-pdf-for-email,guide,Compress PDF for Email: Practical Size Checklist | LiftPDF,Compress PDF for Email,https://liftpdf.com/guides/compress-pdf-for-email,YES,YES,200,494,5,47,Article|BreadcrumbList|HowTo|FAQPage,guide,compress-pdf-for-email,SHORT_OR_TRUST,REVIEW_THIN
https://liftpdf.com/guides/reduce-scanned-pdf-size,guide,How to Reduce Scanned PDF File Size | LiftPDF,How to Reduce Scanned PDF File Size,https://liftpdf.com/guides/reduce-scanned-pdf-size,YES,YES,200,467,5,47,Article|BreadcrumbList|HowTo|FAQPage,guide,reduce-scanned-pdf-size,SHORT_OR_TRUST,REVIEW_THIN
https://liftpdf.com/guides/pdf-compression-vs-optimization,guide,PDF Compression vs Optimization: What Is the Difference? | LiftPDF,PDF Compression vs Optimization,https://liftpdf.com/guides/pdf-compression-vs-optimization,YES,YES,200,468,4,48,Article|BreadcrumbList|HowTo|FAQPage,guide,pdf-compression-vs-optimization,SHORT_OR_TRUST,REVIEW_THIN
https://liftpdf.com/guides/how-to-convert-pdf-to-jpg,guide,How to Convert PDF to JPG | LiftPDF,How to Convert PDF to JPG,https://liftpdf.com/guides/how-to-convert-pdf-to-jpg,YES,YES,200,485,4,47,Article|BreadcrumbList|HowTo|FAQPage,guide,how-to-convert-pdf-to-jpg,SHORT_OR_TRUST,REVIEW_THIN
https://liftpdf.com/guides/how-to-convert-pdf-to-png,guide,How to Convert PDF to PNG | LiftPDF,How to Convert PDF to PNG,https://liftpdf.com/guides/how-to-convert-pdf-to-png,YES,YES,200,459,3,47,Article|BreadcrumbList|HowTo|FAQPage,guide,how-to-convert-pdf-to-png,SHORT_OR_TRUST,REVIEW_THIN
https://liftpdf.com/guides/pdf-to-jpg-vs-pdf-to-png,guide,PDF to JPG vs PDF to PNG: Which Should You Choose? | LiftPDF,PDF to JPG vs PDF to PNG,https://liftpdf.com/guides/pdf-to-jpg-vs-pdf-to-png,YES,YES,200,472,4,48,Article|BreadcrumbList|HowTo|FAQPage,guide,pdf-to-jpg-vs-pdf-to-png,SHORT_OR_TRUST,REVIEW_THIN
https://liftpdf.com/guides/why-are-pdf-to-jpg-images-blurry,guide,Why Are My PDF to JPG Images Blurry? | LiftPDF,Why Are My PDF to JPG Images Blurry?,https://liftpdf.com/guides/why-are-pdf-to-jpg-images-blurry,YES,YES,200,445,5,47,Article|BreadcrumbList|HowTo|FAQPage,guide,why-are-pdf-to-jpg-images-blurry,SHORT_OR_TRUST,REVIEW_THIN
https://liftpdf.com/guides/how-to-copy-text-from-pdf,guide,How to Copy Text From a PDF | LiftPDF,How to Copy Text From a PDF,https://liftpdf.com/guides/how-to-copy-text-from-pdf,YES,YES,200,517,3,48,Article|BreadcrumbList|HowTo|FAQPage,guide,how-to-copy-text-from-pdf,SHORT_OR_TRUST,REVIEW_THIN
https://liftpdf.com/guides/why-cant-i-copy-text-from-pdf,guide,Why Can't I Copy Text From a PDF? | LiftPDF,Why Can't I Copy Text From a PDF?,https://liftpdf.com/guides/why-cant-i-copy-text-from-pdf,YES,YES,200,438,5,47,Article|BreadcrumbList|HowTo|FAQPage,guide,why-cant-i-copy-text-from-pdf,SHORT_OR_TRUST,REVIEW_THIN
https://liftpdf.com/guides/how-to-tell-if-pdf-is-scanned,guide,How to Tell If a PDF Is Scanned | LiftPDF,How to Tell If a PDF Is Scanned,https://liftpdf.com/guides/how-to-tell-if-pdf-is-scanned,YES,YES,200,444,3,47,Article|BreadcrumbList|HowTo|FAQPage,guide,how-to-tell-if-pdf-is-scanned,SHORT_OR_TRUST,REVIEW_THIN
https://liftpdf.com/guides/protect-pdf-before-sending,guide,How to Protect a PDF Before Sending It | LiftPDF,How to Protect a PDF Before Sending It,https://liftpdf.com/guides/protect-pdf-before-sending,YES,YES,200,454,5,47,Article|BreadcrumbList|HowTo|FAQPage,guide,protect-pdf-before-sending,SHORT_OR_TRUST,REVIEW_THIN
https://liftpdf.com/guides/unlock-pdf-with-known-password,guide,How to Unlock a PDF With a Known Password | LiftPDF,How to Unlock a PDF With a Known Password,https://liftpdf.com/guides/unlock-pdf-with-known-password,YES,YES,200,441,3,47,Article|BreadcrumbList|HowTo|FAQPage,guide,unlock-pdf-with-known-password,SHORT_OR_TRUST,REVIEW_THIN
https://liftpdf.com/guides/password-protected-pdf-not-opening,guide,Password-Protected PDF Not Opening: What to Check | LiftPDF,Password-Protected PDF Not Opening,https://liftpdf.com/guides/password-protected-pdf-not-opening,YES,YES,200,428,5,47,Article|BreadcrumbList|HowTo|FAQPage,guide,password-protected-pdf-not-opening,SHORT_OR_TRUST,REVIEW_THIN
https://liftpdf.com/guides/make-pdf-smaller-for-upload,guide,How to Make a PDF Smaller for Upload | LiftPDF,How to Make a PDF Smaller for Upload,https://liftpdf.com/guides/make-pdf-smaller-for-upload,YES,YES,200,465,9,47,Article|BreadcrumbList|HowTo|FAQPage,guide,make-pdf-smaller-for-upload,SHORT_OR_TRUST,REVIEW_THIN
https://liftpdf.com/guides/pdf-file-size-limit-explained,guide,PDF File Size Limits Explained | LiftPDF,PDF File Size Limits Explained,https://liftpdf.com/guides/pdf-file-size-limit-explained,YES,YES,200,481,3,47,Article|BreadcrumbList|HowTo|FAQPage,guide,pdf-file-size-limit-explained,SHORT_OR_TRUST,REVIEW_THIN
https://liftpdf.com/guides/convert-receipts-to-pdf,guide,How to Convert Receipts to PDF | LiftPDF,How to Convert Receipts to PDF,https://liftpdf.com/guides/convert-receipts-to-pdf,YES,YES,200,428,3,47,Article|BreadcrumbList|HowTo|FAQPage,guide,convert-receipts-to-pdf,SHORT_OR_TRUST,REVIEW_THIN
https://liftpdf.com/guides/combine-screenshots-into-pdf,guide,How to Combine Screenshots Into One PDF | LiftPDF,How to Combine Screenshots Into One PDF,https://liftpdf.com/guides/combine-screenshots-into-pdf,YES,YES,200,414,2,47,Article|BreadcrumbList|HowTo|FAQPage,guide,combine-screenshots-into-pdf,SHORT_OR_TRUST,REVIEW_THIN
https://liftpdf.com/guides/turn-school-assignment-photos-into-pdf,guide,How to Turn School Assignment Photos Into a PDF | LiftPDF,How to Turn School Assignment Photos Into a PDF,https://liftpdf.com/guides/turn-school-assignment-photos-into-pdf,YES,YES,200,424,2,47,Article|BreadcrumbList|HowTo|FAQPage,guide,turn-school-assignment-photos-into-pdf,SHORT_OR_TRUST,REVIEW_THIN
https://liftpdf.com/guides/remove-blank-pages-from-pdf,guide,How to Remove Blank Pages From a PDF | LiftPDF,How to Remove Blank Pages From a PDF,https://liftpdf.com/guides/remove-blank-pages-from-pdf,YES,YES,200,409,4,47,Article|BreadcrumbList|HowTo|FAQPage,guide,remove-blank-pages-from-pdf,SHORT_OR_TRUST,REVIEW_THIN
https://liftpdf.com/guides/fix-pdf-pages-out-of-order,guide,How to Fix PDF Pages Out of Order | LiftPDF,How to Fix PDF Pages Out of Order,https://liftpdf.com/guides/fix-pdf-pages-out-of-order,YES,YES,200,410,2,47,Article|BreadcrumbList|HowTo|FAQPage,guide,fix-pdf-pages-out-of-order,SHORT_OR_TRUST,REVIEW_THIN
https://liftpdf.com/guides/rotate-scanned-pdf-pages,guide,How to Rotate Scanned PDF Pages | LiftPDF,How to Rotate Scanned PDF Pages,https://liftpdf.com/guides/rotate-scanned-pdf-pages,YES,YES,200,384,2,47,Article|BreadcrumbList|HowTo|FAQPage,guide,rotate-scanned-pdf-pages,SHORT_OR_TRUST,REVIEW_THIN
https://liftpdf.com/guides/add-page-numbers-to-pdf-report,guide,How to Add Page Numbers to a PDF Report | LiftPDF,How to Add Page Numbers to a PDF Report,https://liftpdf.com/guides/add-page-numbers-to-pdf-report,YES,YES,200,412,5,47,Article|BreadcrumbList|HowTo|FAQPage,guide,add-page-numbers-to-pdf-report,SHORT_OR_TRUST,REVIEW_THIN
https://liftpdf.com/guides/add-confidential-watermark-to-pdf,guide,How to Add a Confidential Watermark to a PDF | LiftPDF,How to Add a Confidential Watermark to a PDF,https://liftpdf.com/guides/add-confidential-watermark-to-pdf,YES,YES,200,401,5,47,Article|BreadcrumbList|HowTo|FAQPage,guide,add-confidential-watermark-to-pdf,SHORT_OR_TRUST,REVIEW_THIN
https://liftpdf.com/guides/extract-text-from-pdf-without-ocr,guide,Extract Text From PDF Without OCR: What Is Possible? | LiftPDF,Extract Text From PDF Without OCR,https://liftpdf.com/guides/extract-text-from-pdf-without-ocr,YES,YES,200,426,3,47,Article|BreadcrumbList|HowTo|FAQPage,guide,extract-text-from-pdf-without-ocr,SHORT_OR_TRUST,REVIEW_THIN
https://liftpdf.com/guides/why-pdf-text-extraction-fails,guide,Why PDF Text Extraction Fails | LiftPDF,Why PDF Text Extraction Fails,https://liftpdf.com/guides/why-pdf-text-extraction-fails,YES,YES,200,441,3,47,Article|BreadcrumbList|HowTo|FAQPage,guide,why-pdf-text-extraction-fails,SHORT_OR_TRUST,REVIEW_THIN
https://liftpdf.com/guides/split-pdf-into-separate-pages,guide,How to Split a PDF Into Separate Pages | LiftPDF,How to Split a PDF Into Separate Pages,https://liftpdf.com/guides/split-pdf-into-separate-pages,YES,YES,200,425,3,47,Article|BreadcrumbList|HowTo|FAQPage,guide,split-pdf-into-separate-pages,SHORT_OR_TRUST,REVIEW_THIN
https://liftpdf.com/guides/split-pdf-by-page-range,guide,How to Split a PDF by Page Range | LiftPDF,How to Split a PDF by Page Range,https://liftpdf.com/guides/split-pdf-by-page-range,YES,YES,200,404,2,47,Article|BreadcrumbList|HowTo|FAQPage,guide,split-pdf-by-page-range,SHORT_OR_TRUST,REVIEW_THIN
https://liftpdf.com/guides/save-selected-pages-from-pdf,guide,How to Save Selected Pages From a PDF | LiftPDF,How to Save Selected Pages From a PDF,https://liftpdf.com/guides/save-selected-pages-from-pdf,YES,YES,200,401,4,47,Article|BreadcrumbList|HowTo|FAQPage,guide,save-selected-pages-from-pdf,SHORT_OR_TRUST,REVIEW_THIN
https://liftpdf.com/guides/delete-pages-from-pdf-before-sending,guide,Delete Pages From a PDF Before Sending It | LiftPDF,Delete Pages From a PDF Before Sending It,https://liftpdf.com/guides/delete-pages-from-pdf-before-sending,YES,YES,200,401,4,47,Article|BreadcrumbList|HowTo|FAQPage,guide,delete-pages-from-pdf-before-sending,SHORT_OR_TRUST,REVIEW_THIN
https://liftpdf.com/guides/organize-pdf-before-printing,guide,How to Organize a PDF Before Printing | LiftPDF,How to Organize a PDF Before Printing,https://liftpdf.com/guides/organize-pdf-before-printing,YES,YES,200,409,2,47,Article|BreadcrumbList|HowTo|FAQPage,guide,organize-pdf-before-printing,SHORT_OR_TRUST,REVIEW_THIN
https://liftpdf.com/guides/prepare-pdf-for-email,guide,How to Prepare a PDF for Email | LiftPDF,How to Prepare a PDF for Email,https://liftpdf.com/guides/prepare-pdf-for-email,YES,YES,200,438,5,47,Article|BreadcrumbList|HowTo|FAQPage,guide,prepare-pdf-for-email,SHORT_OR_TRUST,REVIEW_THIN
https://liftpdf.com/guides/rotate-pdf-before-upload,guide,Rotate PDF Before Upload: Fix Sideways Pages | LiftPDF,Rotate PDF Before Upload,https://liftpdf.com/guides/rotate-pdf-before-upload,YES,YES,200,382,2,47,Article|BreadcrumbList|HowTo|FAQPage,guide,rotate-pdf-before-upload,SHORT_OR_TRUST,REVIEW_THIN
https://liftpdf.com/guides/watermark-pdf-before-sharing,guide,"Watermark PDF Before Sharing: Draft, Review, Confidential | LiftPDF",Watermark PDF Before Sharing,https://liftpdf.com/guides/watermark-pdf-before-sharing,YES,YES,200,390,2,47,Article|BreadcrumbList|HowTo|FAQPage,guide,watermark-pdf-before-sharing,SHORT_OR_TRUST,REVIEW_THIN
https://liftpdf.com/guides/add-page-numbers-before-sharing-pdf,guide,Add Page Numbers Before Sharing a PDF | LiftPDF,Add Page Numbers Before Sharing a PDF,https://liftpdf.com/guides/add-page-numbers-before-sharing-pdf,YES,YES,200,397,3,47,Article|BreadcrumbList|HowTo|FAQPage,guide,add-page-numbers-before-sharing-pdf,SHORT_OR_TRUST,REVIEW_THIN
https://liftpdf.com/guides/extract-pdf-pages-for-email,guide,How to Extract PDF Pages for Email | LiftPDF,How to Extract PDF Pages for Email,https://liftpdf.com/guides/extract-pdf-pages-for-email,YES,YES,200,388,2,47,Article|BreadcrumbList|HowTo|FAQPage,guide,extract-pdf-pages-for-email,SHORT_OR_TRUST,REVIEW_THIN
