src,page,alt,width,height,format,size,indexable,purpose
https://liftpdf.com/images/editorial/pdf-document-structure-diagram.svg,https://liftpdf.com,PDF document structure diagram showing pages text images metadata and links,686,343,svg,NOT_MEASURED,YES,content_or_ui
https://liftpdf.com/_next/image?url=%2Fimages%2Fseo%2Fjpg-to-pdf%2Fjpg-to-pdf-preview.webp&w=640&q=75,https://liftpdf.com/pdf-converter,LiftPDF JPG to PDF live page preview,580,389,,NOT_MEASURED,YES,content_or_ui
https://liftpdf.com/_next/image?url=%2Fimages%2Fseo%2Fjpg-to-pdf%2Fjpg-to-pdf-after.webp&w=640&q=75,https://liftpdf.com/pdf-converter,LiftPDF JPG to PDF successful conversion state,580,389,,NOT_MEASURED,YES,content_or_ui
https://liftpdf.com/_next/image?url=%2Fimages%2Fseo%2Fmerge-pdf%2Fmerge-pdf-before.webp&w=640&q=75,https://liftpdf.com/pdf-editor,LiftPDF PDF workflow preview before export,580,389,,NOT_MEASURED,YES,content_or_ui
https://liftpdf.com/_next/image?url=%2Fimages%2Fseo%2Fmerge-pdf%2Fmerge-pdf-after.webp&w=640&q=75,https://liftpdf.com/pdf-editor,LiftPDF PDF success state after export,580,389,,NOT_MEASURED,YES,content_or_ui
https://liftpdf.com/_next/image?url=%2Fimages%2Fseo%2Fjpg-to-pdf%2Fjpg-to-pdf-before.webp&w=640&q=75,https://liftpdf.com/pdf-image-tools,LiftPDF JPG to PDF selected images before conversion,580,389,,NOT_MEASURED,YES,content_or_ui
https://liftpdf.com/_next/image?url=%2Fimages%2Fseo%2Fjpg-to-pdf%2Fjpg-to-pdf-preview.webp&w=640&q=75,https://liftpdf.com/pdf-image-tools,LiftPDF JPG to PDF live page preview,580,389,,NOT_MEASURED,YES,content_or_ui
https://liftpdf.com/_next/image?url=%2Fimages%2Fseo%2Fmerge-pdf%2Fmerge-pdf-before.webp&w=640&q=75,https://liftpdf.com/organize-pdf,LiftPDF Merge PDF file order preview,580,389,,NOT_MEASURED,YES,content_or_ui
https://liftpdf.com/_next/image?url=%2Fimages%2Fseo%2Fmerge-pdf%2Fmerge-pdf-after.webp&w=640&q=75,https://liftpdf.com/organize-pdf,LiftPDF Merge PDF successful export state,580,389,,NOT_MEASURED,YES,content_or_ui
https://liftpdf.com/_next/image?url=%2Fimages%2Flearn%2Flearning-center-hero.webp&w=640&q=75,https://liftpdf.com/learn,"LiftPDF Learning Center visual with guides, tools and PDF workflow cards",620,372,,NOT_MEASURED,YES,content_or_ui
https://liftpdf.com/_next/image?url=%2Fimages%2Fseo%2Fextract-pages%2Fextract-pages-before.png&w=384&q=75,https://liftpdf.com/learn,LiftPDF Extract Pages visual page picker with PDF thumbnails,359,241,,NOT_MEASURED,YES,content_or_ui
https://liftpdf.com/_next/image?url=%2Fimages%2Fseo%2Fmerge-pdf%2Fmerge-pdf-workflow.webp&w=384&q=75,https://liftpdf.com/learn,"LiftPDF Merge PDF workflow with upload, preview and download steps",359,241,,NOT_MEASURED,YES,content_or_ui
https://liftpdf.com/_next/image?url=%2Fimages%2Fseo%2Fjpg-to-pdf%2Fjpg-to-pdf-workflow.webp&w=384&q=75,https://liftpdf.com/learn,"LiftPDF JPG to PDF workflow with upload, preview and download",359,241,,NOT_MEASURED,YES,content_or_ui
https://liftpdf.com/_next/image?url=%2Fimages%2Flearn%2Fpdf-security.webp&w=384&q=75,https://liftpdf.com/learn,PDF security learning visual with protected document,359,215,,NOT_MEASURED,YES,content_or_ui
https://liftpdf.com/_next/image?url=%2Fimages%2Flearn%2Fpdf-basics.webp&w=384&q=75,https://liftpdf.com/learn,Illustrated PDF basics workflow with pages and document blocks,260,155,,NOT_MEASURED,YES,content_or_ui
https://liftpdf.com/_next/image?url=%2Fimages%2Flearn%2Fconvert-pdf.webp&w=384&q=75,https://liftpdf.com/learn,PDF conversion workflow showing files changing formats,260,155,,NOT_MEASURED,YES,content_or_ui
https://liftpdf.com/_next/image?url=%2Fimages%2Flearn%2Forganize-pdf.webp&w=384&q=75,https://liftpdf.com/learn,Organize PDF visual with pages being merged and reordered,260,155,,NOT_MEASURED,YES,content_or_ui
https://liftpdf.com/_next/image?url=%2Fimages%2Flearn%2Fedit-pdf.webp&w=384&q=75,https://liftpdf.com/learn,PDF editing visual with page numbers watermark and rotation,260,155,,NOT_MEASURED,YES,content_or_ui
https://liftpdf.com/_next/image?url=%2Fimages%2Flearn%2Fpdf-security.webp&w=384&q=75,https://liftpdf.com/learn,PDF security visual with password protection and encryption,260,155,,NOT_MEASURED,YES,content_or_ui
https://liftpdf.com/_next/image?url=%2Fimages%2Flearn%2Fpdf-images.webp&w=384&q=75,https://liftpdf.com/learn,PDF image formats visual with JPG PNG and PDF pages,260,155,,NOT_MEASURED,YES,content_or_ui
https://liftpdf.com/_next/image?url=%2Fimages%2Flearn%2Fscanned-vs-searchable-pdf.webp&w=384&q=75,https://liftpdf.com/learn,Troubleshooting visual comparing scanned and searchable PDFs,260,155,,NOT_MEASURED,YES,content_or_ui
https://liftpdf.com/_next/image?url=%2Fimages%2Flearn%2Fjpg-vs-png.webp&w=384&q=75,https://liftpdf.com/learn,Comparison visual with image and PDF format cards,260,155,,NOT_MEASURED,YES,content_or_ui
https://liftpdf.com/_next/image?url=%2Fimages%2Flearn%2Fpdf-basics.webp&w=828&q=75,https://liftpdf.com/guides,PDF basics learning visual with document workflow,759,456,,NOT_MEASURED,YES,content_or_ui
https://liftpdf.com/_next/image?url=%2Fimages%2Fseo%2Fextract-pages%2Fextract-pages-before.png&w=384&q=75,https://liftpdf.com/guides,LiftPDF Extract Pages visual page picker with PDF thumbnails,359,241,,NOT_MEASURED,YES,content_or_ui
https://liftpdf.com/_next/image?url=%2Fimages%2Fseo%2Fmerge-pdf%2Fmerge-pdf-workflow.webp&w=384&q=75,https://liftpdf.com/guides,"LiftPDF Merge PDF workflow with upload, preview and download steps",359,241,,NOT_MEASURED,YES,content_or_ui
https://liftpdf.com/_next/image?url=%2Fimages%2Fseo%2Fjpg-to-pdf%2Fjpg-to-pdf-workflow.webp&w=384&q=75,https://liftpdf.com/guides,"LiftPDF JPG to PDF workflow with upload, preview and download",359,241,,NOT_MEASURED,YES,content_or_ui
https://liftpdf.com/_next/image?url=%2Fimages%2Flearn%2Fpdf-security.webp&w=384&q=75,https://liftpdf.com/guides,PDF security learning visual with protected document,359,215,,NOT_MEASURED,YES,content_or_ui
https://liftpdf.com/images/editorial/pdf-editing-controls-workflow.svg,https://liftpdf.com/guides,"PDF editing controls workflow showing rotate, watermark and page number actions",1200,720,svg,NOT_MEASURED,YES,content_or_ui
https://liftpdf.com/images/editorial/compress-pdf-without-quality-loss.svg,https://liftpdf.com/guides,PDF compression workflow showing file size reduction while checking readability,1200,720,svg,NOT_MEASURED,YES,content_or_ui
https://liftpdf.com/images/editorial/save-selected-pdf-pages-workflow.svg,https://liftpdf.com/guides,Selected PDF pages workflow showing one page and multiple selected pages saved as a new PDF,1200,720,svg,NOT_MEASURED,YES,content_or_ui
https://liftpdf.com/_next/image?url=%2Fimages%2Fseo%2Fextract-pages%2Fextract-pages-after.png&w=384&q=75,https://liftpdf.com/guides,LiftPDF Extract Pages success state after selected pages are exported,359,241,,NOT_MEASURED,YES,content_or_ui
https://liftpdf.com/images/editorial/selectable-text-vs-scanned-text.svg,https://liftpdf.com/guides,Selectable PDF text compared with scanned image-only PDF text,1200,720,svg,NOT_MEASURED,YES,content_or_ui
https://liftpdf.com/_next/image?url=%2Fimages%2Fseo%2Fjpg-to-pdf%2Fjpg-to-pdf-after.webp&w=384&q=75,https://liftpdf.com/guides,LiftPDF JPG to PDF success state after creating a PDF,359,241,,NOT_MEASURED,YES,content_or_ui
https://liftpdf.com/images/editorial/pdf-report-polish-workflow.svg,https://liftpdf.com/guides,"PDF report polish workflow with page numbers, watermark and final download",390,219,svg,NOT_MEASURED,YES,content_or_ui
https://liftpdf.com/images/editorial/pdf-report-polish-workflow.svg,https://liftpdf.com/guides,"PDF report polish workflow with page numbers, watermark and final download",390,219,svg,NOT_MEASURED,YES,content_or_ui
https://liftpdf.com/_next/image?url=%2Fimages%2Flearn%2Forganize-pdf.webp&w=384&q=75,https://liftpdf.com/guides,Organize PDF visual with pages being merged and reordered,359,215,,NOT_MEASURED,YES,content_or_ui
https://liftpdf.com/images/editorial/phone-photos-to-pdf-workflow.svg,https://liftpdf.com/guides,Phone photos to PDF workflow with receipts screenshots and school documents,390,219,svg,NOT_MEASURED,YES,content_or_ui
https://liftpdf.com/images/editorial/compress-pdf-without-quality-loss.svg,https://liftpdf.com/guides,PDF compression workflow showing file size reduction while checking readability,1200,720,svg,NOT_MEASURED,YES,content_or_ui
https://liftpdf.com/_next/image?url=%2Fimages%2Fseo%2Fjpg-to-pdf%2Fjpg-to-pdf-workflow.webp&w=384&q=75,https://liftpdf.com/guides,"LiftPDF JPG to PDF workflow with upload, preview and download",359,241,,NOT_MEASURED,YES,content_or_ui
https://liftpdf.com/_next/image?url=%2Fimages%2Fseo%2Fjpg-to-pdf%2Fjpg-to-pdf-after.webp&w=384&q=75,https://liftpdf.com/guides,LiftPDF JPG to PDF success state after creating a PDF,359,241,,NOT_MEASURED,YES,content_or_ui
https://liftpdf.com/_next/image?url=%2Fimages%2Fseo%2Fjpg-to-pdf%2Fjpg-to-pdf-preview.webp&w=384&q=75,https://liftpdf.com/guides,LiftPDF JPG to PDF live page preview with layout settings,359,241,,NOT_MEASURED,YES,content_or_ui
https://liftpdf.com/_next/image?url=%2Fimages%2Fseo%2Fjpg-to-pdf%2Fjpg-to-pdf-before.webp&w=384&q=75,https://liftpdf.com/guides,LiftPDF JPG to PDF before conversion with selected images,359,241,,NOT_MEASURED,YES,content_or_ui
https://liftpdf.com/images/editorial/pdf-to-image-workflow.svg,https://liftpdf.com/guides,PDF to image workflow showing PDF pages exported as JPG or PNG files,390,219,svg,NOT_MEASURED,YES,content_or_ui
https://liftpdf.com/images/editorial/pdf-to-image-workflow.svg,https://liftpdf.com/guides,PDF to image workflow showing PDF pages exported as JPG or PNG files,390,219,svg,NOT_MEASURED,YES,content_or_ui
https://liftpdf.com/images/editorial/phone-photos-to-pdf-workflow.svg,https://liftpdf.com/guides,Phone photos to PDF workflow with receipts screenshots and school documents,390,219,svg,NOT_MEASURED,YES,content_or_ui
https://liftpdf.com/images/editorial/selectable-text-vs-scanned-text.svg,https://liftpdf.com/guides,Selectable PDF text compared with scanned image-only PDF text,1200,720,svg,NOT_MEASURED,YES,content_or_ui
https://liftpdf.com/_next/image?url=%2Fimages%2Fseo%2Fextract-pages%2Fextract-pages-before.png&w=384&q=75,https://liftpdf.com/guides,LiftPDF Extract Pages visual page picker with PDF thumbnails,359,241,,NOT_MEASURED,YES,content_or_ui
https://liftpdf.com/_next/image?url=%2Fimages%2Fseo%2Fextract-pages%2Fextract-pages-before.png&w=384&q=75,https://liftpdf.com/guides,LiftPDF Extract Pages visual page picker with PDF thumbnails,359,241,,NOT_MEASURED,YES,content_or_ui
https://liftpdf.com/_next/image?url=%2Fimages%2Fseo%2Fextract-pages%2Fextract-pages-after.png&w=384&q=75,https://liftpdf.com/guides,LiftPDF Extract Pages success state after selected pages are exported,359,241,,NOT_MEASURED,YES,content_or_ui
https://liftpdf.com/_next/image?url=%2Fimages%2Fseo%2Fextract-pages%2Fextract-pages-before.png&w=384&q=75,https://liftpdf.com/guides,LiftPDF Extract Pages visual page picker with PDF thumbnails,359,241,,NOT_MEASURED,YES,content_or_ui
https://liftpdf.com/_next/image?url=%2Fimages%2Fseo%2Fextract-pages%2Fextract-pages-before.png&w=384&q=75,https://liftpdf.com/guides,LiftPDF Extract Pages visual page picker with PDF thumbnails,359,241,,NOT_MEASURED,YES,content_or_ui
https://liftpdf.com/images/editorial/save-selected-pdf-pages-workflow.svg,https://liftpdf.com/guides,Selected PDF pages workflow showing one page and multiple selected pages saved as a new PDF,1200,720,svg,NOT_MEASURED,YES,content_or_ui
https://liftpdf.com/_next/image?url=%2Fimages%2Fseo%2Fextract-pages%2Fextract-pages-after.png&w=384&q=75,https://liftpdf.com/guides,LiftPDF Extract Pages success state after selected pages are exported,359,241,,NOT_MEASURED,YES,content_or_ui
https://liftpdf.com/images/editorial/pdf-page-cleanup-workflow.svg,https://liftpdf.com/guides,"PDF page cleanup workflow showing blank pages removal, rotation and page order",390,219,svg,NOT_MEASURED,YES,content_or_ui
https://liftpdf.com/_next/image?url=%2Fimages%2Fseo%2Fjpg-to-pdf%2Fjpg-to-pdf-preview.webp&w=384&q=75,https://liftpdf.com/guides,LiftPDF JPG to PDF live page preview with layout settings,359,241,,NOT_MEASURED,YES,content_or_ui
https://liftpdf.com/_next/image?url=%2Fimages%2Flearn%2Fpdf-images.webp&w=384&q=75,https://liftpdf.com/guides,PDF and image formats learning visual,359,215,,NOT_MEASURED,YES,content_or_ui
https://liftpdf.com/images/editorial/online-pdf-submission-workflow.svg,https://liftpdf.com/guides,"Online PDF submission workflow with file size, page order and upload checks",390,219,svg,NOT_MEASURED,YES,content_or_ui
https://liftpdf.com/_next/image?url=%2Fimages%2Fseo%2Fmerge-pdf%2Fmerge-pdf-workflow.webp&w=384&q=75,https://liftpdf.com/guides,"LiftPDF Merge PDF workflow with upload, preview and download steps",359,241,,NOT_MEASURED,YES,content_or_ui
https://liftpdf.com/_next/image?url=%2Fimages%2Fseo%2Fmerge-pdf%2Fmerge-pdf-workflow.webp&w=384&q=75,https://liftpdf.com/guides,"LiftPDF Merge PDF workflow with upload, preview and download steps",359,241,,NOT_MEASURED,YES,content_or_ui
https://liftpdf.com/_next/image?url=%2Fimages%2Fseo%2Fmerge-pdf%2Fmerge-pdf-workflow.webp&w=384&q=75,https://liftpdf.com/guides,"LiftPDF Merge PDF workflow with upload, preview and download steps",359,241,,NOT_MEASURED,YES,content_or_ui
https://liftpdf.com/_next/image?url=%2Fimages%2Fseo%2Fmerge-pdf%2Fmerge-pdf-before.webp&w=384&q=75,https://liftpdf.com/guides,LiftPDF Merge PDF before export with selected PDF files,359,241,,NOT_MEASURED,YES,content_or_ui
https://liftpdf.com/images/editorial/pdf-final-checklist-workflow.svg,https://liftpdf.com/guides,"Final PDF checklist workflow showing page order, file size, numbering and download checks",390,219,svg,NOT_MEASURED,YES,content_or_ui
https://liftpdf.com/_next/image?url=%2Fimages%2Flearn%2Forganize-pdf.webp&w=384&q=75,https://liftpdf.com/guides,Organize PDF visual with pages being merged and reordered,359,215,,NOT_MEASURED,YES,content_or_ui
https://liftpdf.com/images/editorial/pdf-final-checklist-workflow.svg,https://liftpdf.com/guides,"Final PDF checklist workflow showing page order, file size, numbering and download checks",390,219,svg,NOT_MEASURED,YES,content_or_ui
https://liftpdf.com/_next/image?url=%2Fimages%2Flearn%2Fpdf-basics.webp&w=384&q=75,https://liftpdf.com/guides,PDF basics learning visual with document workflow,359,215,,NOT_MEASURED,YES,content_or_ui
https://liftpdf.com/images/editorial/pdf-password-workflow.svg,https://liftpdf.com/guides,"PDF password workflow showing protected file, known password and unlocked result",390,219,svg,NOT_MEASURED,YES,content_or_ui
https://liftpdf.com/_next/image?url=%2Fimages%2Flearn%2Fpdf-basics.webp&w=384&q=75,https://liftpdf.com/guides,PDF basics learning visual with document workflow,359,215,,NOT_MEASURED,YES,content_or_ui
https://liftpdf.com/images/editorial/compress-pdf-without-quality-loss.svg,https://liftpdf.com/guides,PDF compression workflow showing file size reduction while checking readability,1200,720,svg,NOT_MEASURED,YES,content_or_ui
https://liftpdf.com/images/editorial/pdf-page-cleanup-workflow.svg,https://liftpdf.com/guides,"PDF page cleanup workflow showing blank pages removal, rotation and page order",390,219,svg,NOT_MEASURED,YES,content_or_ui
https://liftpdf.com/images/editorial/pdf-page-cleanup-workflow.svg,https://liftpdf.com/guides,"PDF page cleanup workflow showing blank pages removal, rotation and page order",390,219,svg,NOT_MEASURED,YES,content_or_ui
https://liftpdf.com/images/editorial/save-selected-pdf-pages-workflow.svg,https://liftpdf.com/guides,Selected PDF pages workflow showing one page and multiple selected pages saved as a new PDF,1200,720,svg,NOT_MEASURED,YES,content_or_ui
https://liftpdf.com/images/editorial/split-pdf-page-range-workflow.svg,https://liftpdf.com/guides,Split PDF workflow showing page ranges becoming separate PDF outputs,390,219,svg,NOT_MEASURED,YES,content_or_ui
https://liftpdf.com/images/editorial/split-pdf-page-range-workflow.svg,https://liftpdf.com/guides,Split PDF workflow showing page ranges becoming separate PDF outputs,390,219,svg,NOT_MEASURED,YES,content_or_ui
https://liftpdf.com/images/editorial/selectable-text-vs-scanned-text.svg,https://liftpdf.com/guides,Selectable PDF text compared with scanned image-only PDF text,1200,720,svg,NOT_MEASURED,YES,content_or_ui
https://liftpdf.com/_next/image?url=%2Fimages%2Flearn%2Fpdf-images.webp&w=384&q=75,https://liftpdf.com/guides,PDF and image formats learning visual,359,215,,NOT_MEASURED,YES,content_or_ui
https://liftpdf.com/images/editorial/phone-photos-to-pdf-workflow.svg,https://liftpdf.com/guides,Phone photos to PDF workflow with receipts screenshots and school documents,390,219,svg,NOT_MEASURED,YES,content_or_ui
https://liftpdf.com/images/editorial/pdf-password-workflow.svg,https://liftpdf.com/guides,"PDF password workflow showing protected file, known password and unlocked result",390,219,svg,NOT_MEASURED,YES,content_or_ui
https://liftpdf.com/_next/image?url=%2Fimages%2Fseo%2Fjpg-to-pdf%2Fjpg-to-pdf-preview.webp&w=384&q=75,https://liftpdf.com/guides,LiftPDF JPG to PDF live page preview with layout settings,359,241,,NOT_MEASURED,YES,content_or_ui
https://liftpdf.com/_next/image?url=%2Fimages%2Fseo%2Fjpg-to-pdf%2Fjpg-to-pdf-workflow.webp&w=384&q=75,https://liftpdf.com/guides,"LiftPDF JPG to PDF workflow with upload, preview and download",359,241,,NOT_MEASURED,YES,content_or_ui
https://liftpdf.com/_next/image?url=%2Fimages%2Fseo%2Fjpg-to-pdf%2Fjpg-to-pdf-after.webp&w=384&q=75,https://liftpdf.com/guides,LiftPDF JPG to PDF success state after creating a PDF,359,241,,NOT_MEASURED,YES,content_or_ui
https://liftpdf.com/_next/image?url=%2Fimages%2Fseo%2Fjpg-to-pdf%2Fjpg-to-pdf-after.webp&w=384&q=75,https://liftpdf.com/guides,LiftPDF JPG to PDF success state after creating a PDF,359,241,,NOT_MEASURED,YES,content_or_ui
https://liftpdf.com/_next/image?url=%2Fimages%2Fseo%2Fjpg-to-pdf%2Fjpg-to-pdf-workflow.webp&w=384&q=75,https://liftpdf.com/guides,"LiftPDF JPG to PDF workflow with upload, preview and download",359,241,,NOT_MEASURED,YES,content_or_ui
https://liftpdf.com/_next/image?url=%2Fimages%2Flearn%2Fpdf-images.webp&w=384&q=75,https://liftpdf.com/guides,PDF and image formats learning visual,359,215,,NOT_MEASURED,YES,content_or_ui
https://liftpdf.com/_next/image?url=%2Fimages%2Fseo%2Fjpg-to-pdf%2Fjpg-to-pdf-workflow.webp&w=384&q=75,https://liftpdf.com/guides,"LiftPDF JPG to PDF workflow with upload, preview and download",359,241,,NOT_MEASURED,YES,content_or_ui
https://liftpdf.com/_next/image?url=%2Fimages%2Fseo%2Fmerge-pdf%2Fmerge-pdf-workflow.webp&w=384&q=75,https://liftpdf.com/guides,"LiftPDF Merge PDF workflow with upload, preview and download steps",359,241,,NOT_MEASURED,YES,content_or_ui
https://liftpdf.com/_next/image?url=%2Fimages%2Fseo%2Fmerge-pdf%2Fmerge-pdf-after.webp&w=384&q=75,https://liftpdf.com/guides,LiftPDF Merge PDF success state after creating a merged document,359,241,,NOT_MEASURED,YES,content_or_ui
https://liftpdf.com/_next/image?url=%2Fimages%2Fseo%2Fmerge-pdf%2Fmerge-pdf-before.webp&w=384&q=75,https://liftpdf.com/guides,LiftPDF Merge PDF before export with selected PDF files,359,241,,NOT_MEASURED,YES,content_or_ui
https://liftpdf.com/_next/image?url=%2Fimages%2Fseo%2Fmerge-pdf%2Fmerge-pdf-workflow.webp&w=384&q=75,https://liftpdf.com/guides,"LiftPDF Merge PDF workflow with upload, preview and download steps",359,241,,NOT_MEASURED,YES,content_or_ui
https://liftpdf.com/_next/image?url=%2Fimages%2Fseo%2Fmerge-pdf%2Fmerge-pdf-after.webp&w=384&q=75,https://liftpdf.com/guides,LiftPDF Merge PDF success state after creating a merged document,359,241,,NOT_MEASURED,YES,content_or_ui
https://liftpdf.com/_next/image?url=%2Fimages%2Fseo%2Fmerge-pdf%2Fmerge-pdf-after.webp&w=384&q=75,https://liftpdf.com/guides,LiftPDF Merge PDF success state after creating a merged document,359,241,,NOT_MEASURED,YES,content_or_ui
https://liftpdf.com/_next/image?url=%2Fimages%2Fseo%2Fmerge-pdf%2Fmerge-pdf-workflow.webp&w=384&q=75,https://liftpdf.com/guides,"LiftPDF Merge PDF workflow with upload, preview and download steps",359,241,,NOT_MEASURED,YES,content_or_ui
https://liftpdf.com/images/editorial/pdf-password-workflow.svg,https://liftpdf.com/guides,"PDF password workflow showing protected file, known password and unlocked result",390,219,svg,NOT_MEASURED,YES,content_or_ui
https://liftpdf.com/images/editorial/compress-pdf-without-quality-loss.svg,https://liftpdf.com/guides,PDF compression workflow showing file size reduction while checking readability,1200,720,svg,NOT_MEASURED,YES,content_or_ui
https://liftpdf.com/images/editorial/online-pdf-submission-workflow.svg,https://liftpdf.com/guides,"Online PDF submission workflow with file size, page order and upload checks",390,219,svg,NOT_MEASURED,YES,content_or_ui
https://liftpdf.com/images/editorial/pdf-to-image-workflow.svg,https://liftpdf.com/guides,PDF to image workflow showing PDF pages exported as JPG or PNG files,390,219,svg,NOT_MEASURED,YES,content_or_ui
https://liftpdf.com/_next/image?url=%2Fimages%2Flearn%2Fpdf-images.webp&w=384&q=75,https://liftpdf.com/guides,PDF and image formats learning visual,359,215,,NOT_MEASURED,YES,content_or_ui
https://liftpdf.com/_next/image?url=%2Fimages%2Flearn%2Fpdf-images.webp&w=384&q=75,https://liftpdf.com/guides,PDF and image formats learning visual,359,215,,NOT_MEASURED,YES,content_or_ui
https://liftpdf.com/_next/image?url=%2Fimages%2Flearn%2Fpdf-images.webp&w=384&q=75,https://liftpdf.com/guides,PDF and image formats learning visual,359,215,,NOT_MEASURED,YES,content_or_ui
https://liftpdf.com/images/editorial/pdf-editing-controls-workflow.svg,https://liftpdf.com/guides,"PDF editing controls workflow showing rotate, watermark and page number actions",1200,720,svg,NOT_MEASURED,YES,content_or_ui
https://liftpdf.com/_next/image?url=%2Fimages%2Flearn%2Fscanned-vs-searchable-pdf.webp&w=384&q=75,https://liftpdf.com/guides,Scanned PDF compared with searchable PDF,359,215,,NOT_MEASURED,YES,content_or_ui
https://liftpdf.com/images/editorial/pdf-editing-controls-workflow.svg,https://liftpdf.com/guides,"PDF editing controls workflow showing rotate, watermark and page number actions",1200,720,svg,NOT_MEASURED,YES,content_or_ui
https://liftpdf.com/_next/image?url=%2Fimages%2Flearn%2Fpdf-security.webp&w=384&q=75,https://liftpdf.com/guides,PDF security learning visual with protected document,359,215,,NOT_MEASURED,YES,content_or_ui
https://liftpdf.com/_next/image?url=%2Fimages%2Flearn%2Fpdf-basics.webp&w=384&q=75,https://liftpdf.com/guides,PDF basics learning visual with document workflow,359,215,,NOT_MEASURED,YES,content_or_ui
https://liftpdf.com/_next/image?url=%2Fimages%2Flearn%2Fpdf-security.webp&w=384&q=75,https://liftpdf.com/guides,PDF security learning visual with protected document,359,215,,NOT_MEASURED,YES,content_or_ui
https://liftpdf.com/_next/image?url=%2Fimages%2Flearn%2Fpdf-basics.webp&w=384&q=75,https://liftpdf.com/guides,PDF basics learning visual with document workflow,359,215,,NOT_MEASURED,YES,content_or_ui
https://liftpdf.com/_next/image?url=%2Fimages%2Flearn%2Fpdf-security.webp&w=384&q=75,https://liftpdf.com/guides,PDF security learning visual with protected document,359,215,,NOT_MEASURED,YES,content_or_ui
https://liftpdf.com/_next/image?url=%2Fimages%2Flearn%2Fscanned-vs-searchable-pdf.webp&w=384&q=75,https://liftpdf.com/guides,Troubleshooting visual comparing scanned and searchable PDFs,359,215,,NOT_MEASURED,YES,content_or_ui
https://liftpdf.com/images/editorial/pdf-to-image-workflow.svg,https://liftpdf.com/guides,PDF to image workflow showing PDF pages exported as JPG or PNG files,390,219,svg,NOT_MEASURED,YES,content_or_ui
https://liftpdf.com/_next/image?url=%2Fimages%2Fseo%2Fjpg-to-pdf%2Fjpg-to-pdf-before.webp&w=384&q=75,https://liftpdf.com/guides,LiftPDF JPG to PDF before conversion with selected images,359,241,,NOT_MEASURED,YES,content_or_ui
https://liftpdf.com/images/editorial/selectable-text-vs-scanned-text.svg,https://liftpdf.com/guides,Selectable PDF text compared with scanned image-only PDF text,1200,720,svg,NOT_MEASURED,YES,content_or_ui
https://liftpdf.com/_next/image?url=%2Fimages%2Fseo%2Fmerge-pdf%2Fmerge-pdf-before.webp&w=384&q=75,https://liftpdf.com/guides,LiftPDF Merge PDF before export with selected PDF files,359,241,,NOT_MEASURED,YES,content_or_ui
https://liftpdf.com/_next/image?url=%2Fimages%2Fseo%2Fmerge-pdf%2Fmerge-pdf-after.webp&w=384&q=75,https://liftpdf.com/guides,LiftPDF Merge PDF success state after creating a merged document,359,241,,NOT_MEASURED,YES,content_or_ui
https://liftpdf.com/_next/image?url=%2Fimages%2Fseo%2Fmerge-pdf%2Fmerge-pdf-before.webp&w=384&q=75,https://liftpdf.com/guides,LiftPDF Merge PDF before export with selected PDF files,359,241,,NOT_MEASURED,YES,content_or_ui
https://liftpdf.com/_next/image?url=%2Fimages%2Fseo%2Fjpg-to-pdf%2Fjpg-to-pdf-preview.webp&w=384&q=75,https://liftpdf.com/guides,LiftPDF JPG to PDF live page preview with layout settings,359,241,,NOT_MEASURED,YES,content_or_ui
https://liftpdf.com/_next/image?url=%2Fimages%2Fseo%2Fmerge-pdf%2Fmerge-pdf-after.webp&w=384&q=75,https://liftpdf.com/guides,LiftPDF Merge PDF success state after creating a merged document,359,241,,NOT_MEASURED,YES,content_or_ui
https://liftpdf.com/_next/image?url=%2Fimages%2Fseo%2Fjpg-to-pdf%2Fjpg-to-pdf-after.webp&w=384&q=75,https://liftpdf.com/guides,LiftPDF JPG to PDF success state after creating a PDF,359,241,,NOT_MEASURED,YES,content_or_ui
https://liftpdf.com/_next/image?url=%2Fimages%2Flearn%2Fscanned-vs-searchable-pdf.webp&w=384&q=75,https://liftpdf.com/guides,Troubleshooting visual comparing scanned and searchable PDFs,359,215,,NOT_MEASURED,YES,content_or_ui
https://liftpdf.com/images/editorial/selectable-text-vs-scanned-text.svg,https://liftpdf.com/guides,Selectable PDF text compared with scanned image-only PDF text,1200,720,svg,NOT_MEASURED,YES,content_or_ui
https://liftpdf.com/_next/image?url=%2Fimages%2Flearn%2Fpdf-basics.webp&w=640&q=75,https://liftpdf.com/learn/pdf-basics,Illustrated PDF basics workflow with pages and document blocks,620,372,,NOT_MEASURED,YES,content_or_ui
https://liftpdf.com/_next/image?url=%2Fimages%2Flearn%2Fpdf-basics.webp&w=384&q=75,https://liftpdf.com/learn/pdf-basics,PDF basics learning visual with document workflow,359,215,,NOT_MEASURED,YES,content_or_ui
https://liftpdf.com/_next/image?url=%2Fimages%2Flearn%2Fpdf-basics.webp&w=384&q=75,https://liftpdf.com/learn/pdf-basics,PDF basics learning visual with document workflow,359,215,,NOT_MEASURED,YES,content_or_ui
https://liftpdf.com/_next/image?url=%2Fimages%2Flearn%2Fscanned-vs-searchable-pdf.webp&w=384&q=75,https://liftpdf.com/learn/pdf-basics,Troubleshooting visual comparing scanned and searchable PDFs,359,215,,NOT_MEASURED,YES,content_or_ui
https://liftpdf.com/images/editorial/compress-pdf-without-quality-loss.svg,https://liftpdf.com/learn/pdf-basics,PDF compression workflow showing file size reduction while checking readability,1200,720,svg,NOT_MEASURED,YES,content_or_ui
https://liftpdf.com/images/editorial/compress-pdf-without-quality-loss.svg,https://liftpdf.com/learn/pdf-basics,PDF compression workflow showing file size reduction while checking readability,1200,720,svg,NOT_MEASURED,YES,content_or_ui
https://liftpdf.com/images/editorial/online-pdf-submission-workflow.svg,https://liftpdf.com/learn/pdf-basics,"Online PDF submission workflow with file size, page order and upload checks",1200,720,svg,NOT_MEASURED,YES,content_or_ui
https://liftpdf.com/images/editorial/online-pdf-submission-workflow.svg,https://liftpdf.com/learn/pdf-basics,"Online PDF submission workflow with file size, page order and upload checks",1200,720,svg,NOT_MEASURED,YES,content_or_ui
https://liftpdf.com/images/editorial/compress-pdf-without-quality-loss.svg,https://liftpdf.com/learn/pdf-basics,PDF compression workflow showing file size reduction while checking readability,1200,720,svg,NOT_MEASURED,YES,content_or_ui
https://liftpdf.com/_next/image?url=%2Fimages%2Flearn%2Fscanned-vs-searchable-pdf.webp&w=384&q=75,https://liftpdf.com/learn/pdf-basics,Scanned PDF compared with searchable PDF,359,215,,NOT_MEASURED,YES,content_or_ui
https://liftpdf.com/images/editorial/selectable-text-vs-scanned-text.svg,https://liftpdf.com/learn/pdf-basics,Selectable PDF text compared with scanned image-only PDF text,1200,720,svg,NOT_MEASURED,YES,content_or_ui
https://liftpdf.com/_next/image?url=%2Fimages%2Flearn%2Fpdf-security.webp&w=384&q=75,https://liftpdf.com/learn/pdf-basics,PDF security learning visual with protected document,359,215,,NOT_MEASURED,YES,content_or_ui
https://liftpdf.com/_next/image?url=%2Fimages%2Flearn%2Fpdf-basics.webp&w=384&q=75,https://liftpdf.com/learn/pdf-basics,PDF basics learning visual with document workflow,359,215,,NOT_MEASURED,YES,content_or_ui
https://liftpdf.com/_next/image?url=%2Fimages%2Flearn%2Fconvert-pdf.webp&w=640&q=75,https://liftpdf.com/learn/convert-pdf,PDF conversion workflow showing files changing formats,620,372,,NOT_MEASURED,YES,content_or_ui
https://liftpdf.com/_next/image?url=%2Fimages%2Fseo%2Fjpg-to-pdf%2Fjpg-to-pdf-workflow.webp&w=384&q=75,https://liftpdf.com/learn/convert-pdf,"LiftPDF JPG to PDF workflow with upload, preview and download",359,241,,NOT_MEASURED,YES,content_or_ui
https://liftpdf.com/_next/image?url=%2Fimages%2Fseo%2Fjpg-to-pdf%2Fjpg-to-pdf-workflow.webp&w=384&q=75,https://liftpdf.com/learn/convert-pdf,"LiftPDF JPG to PDF workflow with upload, preview and download",359,241,,NOT_MEASURED,YES,content_or_ui
https://liftpdf.com/_next/image?url=%2Fimages%2Fseo%2Fjpg-to-pdf%2Fjpg-to-pdf-preview.webp&w=384&q=75,https://liftpdf.com/learn/convert-pdf,LiftPDF JPG to PDF live page preview with layout settings,359,241,,NOT_MEASURED,YES,content_or_ui
https://liftpdf.com/_next/image?url=%2Fimages%2Flearn%2Fpdf-images.webp&w=384&q=75,https://liftpdf.com/learn/convert-pdf,PDF and image formats learning visual,359,215,,NOT_MEASURED,YES,content_or_ui
https://liftpdf.com/images/editorial/pdf-to-image-workflow.svg,https://liftpdf.com/learn/convert-pdf,PDF to image workflow showing PDF pages exported as JPG or PNG files,1200,720,svg,NOT_MEASURED,YES,content_or_ui
https://liftpdf.com/images/editorial/pdf-to-image-workflow.svg,https://liftpdf.com/learn/convert-pdf,PDF to image workflow showing PDF pages exported as JPG or PNG files,1200,720,svg,NOT_MEASURED,YES,content_or_ui
https://liftpdf.com/images/editorial/selectable-text-vs-scanned-text.svg,https://liftpdf.com/learn/convert-pdf,Selectable PDF text compared with scanned image-only PDF text,1200,720,svg,NOT_MEASURED,YES,content_or_ui
https://liftpdf.com/images/editorial/selectable-text-vs-scanned-text.svg,https://liftpdf.com/learn/convert-pdf,Selectable PDF text compared with scanned image-only PDF text,1200,720,svg,NOT_MEASURED,YES,content_or_ui
https://liftpdf.com/_next/image?url=%2Fimages%2Flearn%2Fpdf-security.webp&w=384&q=75,https://liftpdf.com/learn/convert-pdf,PDF security learning visual with protected document,359,215,,NOT_MEASURED,YES,content_or_ui
https://liftpdf.com/_next/image?url=%2Fimages%2Flearn%2Forganize-pdf.webp&w=640&q=75,https://liftpdf.com/learn/organize-pdf,Organize PDF visual with pages being merged and reordered,620,372,,NOT_MEASURED,YES,content_or_ui
https://liftpdf.com/_next/image?url=%2Fimages%2Fseo%2Fmerge-pdf%2Fmerge-pdf-workflow.webp&w=384&q=75,https://liftpdf.com/learn/organize-pdf,"LiftPDF Merge PDF workflow with upload, preview and download steps",359,241,,NOT_MEASURED,YES,content_or_ui
https://liftpdf.com/_next/image?url=%2Fimages%2Fseo%2Fmerge-pdf%2Fmerge-pdf-workflow.webp&w=384&q=75,https://liftpdf.com/learn/organize-pdf,"LiftPDF Merge PDF workflow with upload, preview and download steps",359,241,,NOT_MEASURED,YES,content_or_ui
https://liftpdf.com/_next/image?url=%2Fimages%2Flearn%2Forganize-pdf.webp&w=384&q=75,https://liftpdf.com/learn/organize-pdf,Organize PDF visual with pages being merged and reordered,359,215,,NOT_MEASURED,YES,content_or_ui
https://liftpdf.com/_next/image?url=%2Fimages%2Flearn%2Forganize-pdf.webp&w=384&q=75,https://liftpdf.com/learn/organize-pdf,Organize PDF visual with pages being merged and reordered,359,215,,NOT_MEASURED,YES,content_or_ui
https://liftpdf.com/images/editorial/pdf-final-checklist-workflow.svg,https://liftpdf.com/learn/organize-pdf,"Final PDF checklist workflow showing page order, file size, numbering and download checks",1200,720,svg,NOT_MEASURED,YES,content_or_ui
https://liftpdf.com/images/editorial/pdf-final-checklist-workflow.svg,https://liftpdf.com/learn/organize-pdf,"Final PDF checklist workflow showing page order, file size, numbering and download checks",1200,720,svg,NOT_MEASURED,YES,content_or_ui
https://liftpdf.com/images/editorial/pdf-page-cleanup-workflow.svg,https://liftpdf.com/learn/organize-pdf,"PDF page cleanup workflow showing blank pages removal, rotation and page order",1200,720,svg,NOT_MEASURED,YES,content_or_ui
https://liftpdf.com/images/editorial/save-selected-pdf-pages-workflow.svg,https://liftpdf.com/learn/organize-pdf,Selected PDF pages workflow showing one page and multiple selected pages saved as a new PDF,1200,720,svg,NOT_MEASURED,YES,content_or_ui
https://liftpdf.com/images/editorial/pdf-page-cleanup-workflow.svg,https://liftpdf.com/learn/organize-pdf,"PDF page cleanup workflow showing blank pages removal, rotation and page order",1200,720,svg,NOT_MEASURED,YES,content_or_ui
https://liftpdf.com/images/editorial/pdf-page-cleanup-workflow.svg,https://liftpdf.com/learn/organize-pdf,"PDF page cleanup workflow showing blank pages removal, rotation and page order",1200,720,svg,NOT_MEASURED,YES,content_or_ui
https://liftpdf.com/images/editorial/pdf-editing-controls-workflow.svg,https://liftpdf.com/learn/organize-pdf,"PDF editing controls workflow showing rotate, watermark and page number actions",1200,720,svg,NOT_MEASURED,YES,content_or_ui
https://liftpdf.com/images/editorial/pdf-report-polish-workflow.svg,https://liftpdf.com/learn/organize-pdf,"PDF report polish workflow with page numbers, watermark and final download",1200,720,svg,NOT_MEASURED,YES,content_or_ui
https://liftpdf.com/_next/image?url=%2Fimages%2Fseo%2Fextract-pages%2Fextract-pages-before.png&w=384&q=75,https://liftpdf.com/learn/organize-pdf,LiftPDF Extract Pages visual page picker with PDF thumbnails,359,241,,NOT_MEASURED,YES,content_or_ui
https://liftpdf.com/_next/image?url=%2Fimages%2Fseo%2Fextract-pages%2Fextract-pages-before.png&w=384&q=75,https://liftpdf.com/learn/organize-pdf,LiftPDF Extract Pages visual page picker with PDF thumbnails,359,241,,NOT_MEASURED,YES,content_or_ui
https://liftpdf.com/images/editorial/save-selected-pdf-pages-workflow.svg,https://liftpdf.com/learn/organize-pdf,Selected PDF pages workflow showing one page and multiple selected pages saved as a new PDF,1200,720,svg,NOT_MEASURED,YES,content_or_ui
https://liftpdf.com/images/editorial/split-pdf-page-range-workflow.svg,https://liftpdf.com/learn/organize-pdf,Split PDF workflow showing page ranges becoming separate PDF outputs,410,231,svg,NOT_MEASURED,YES,content_or_ui
https://liftpdf.com/images/editorial/split-pdf-page-range-workflow.svg,https://liftpdf.com/learn/organize-pdf,Split PDF workflow showing page ranges becoming separate PDF outputs,410,231,svg,NOT_MEASURED,YES,content_or_ui
https://liftpdf.com/images/editorial/save-selected-pdf-pages-workflow.svg,https://liftpdf.com/learn/organize-pdf,Selected PDF pages workflow showing one page and multiple selected pages saved as a new PDF,1200,720,svg,NOT_MEASURED,YES,content_or_ui
https://liftpdf.com/_next/image?url=%2Fimages%2Fseo%2Fmerge-pdf%2Fmerge-pdf-workflow.webp&w=384&q=75,https://liftpdf.com/learn/organize-pdf,"LiftPDF Merge PDF workflow with upload, preview and download steps",359,241,,NOT_MEASURED,YES,content_or_ui
https://liftpdf.com/_next/image?url=%2Fimages%2Flearn%2Fedit-pdf.webp&w=640&q=75,https://liftpdf.com/learn/edit-pdf,PDF editing visual with page numbers watermark and rotation,620,372,,NOT_MEASURED,YES,content_or_ui
https://liftpdf.com/_next/image?url=%2Fimages%2Flearn%2Fpdf-basics.webp&w=384&q=75,https://liftpdf.com/learn/edit-pdf,PDF basics learning visual with document workflow,359,215,,NOT_MEASURED,YES,content_or_ui
https://liftpdf.com/_next/image?url=%2Fimages%2Flearn%2Fpdf-basics.webp&w=384&q=75,https://liftpdf.com/learn/edit-pdf,PDF basics learning visual with document workflow,359,215,,NOT_MEASURED,YES,content_or_ui
https://liftpdf.com/images/editorial/compress-pdf-without-quality-loss.svg,https://liftpdf.com/learn/edit-pdf,PDF compression workflow showing file size reduction while checking readability,1200,720,svg,NOT_MEASURED,YES,content_or_ui
https://liftpdf.com/images/editorial/compress-pdf-without-quality-loss.svg,https://liftpdf.com/learn/edit-pdf,PDF compression workflow showing file size reduction while checking readability,1200,720,svg,NOT_MEASURED,YES,content_or_ui
https://liftpdf.com/images/editorial/compress-pdf-without-quality-loss.svg,https://liftpdf.com/learn/edit-pdf,PDF compression workflow showing file size reduction while checking readability,1200,720,svg,NOT_MEASURED,YES,content_or_ui
https://liftpdf.com/images/editorial/online-pdf-submission-workflow.svg,https://liftpdf.com/learn/edit-pdf,"Online PDF submission workflow with file size, page order and upload checks",1200,720,svg,NOT_MEASURED,YES,content_or_ui
https://liftpdf.com/images/editorial/online-pdf-submission-workflow.svg,https://liftpdf.com/learn/edit-pdf,"Online PDF submission workflow with file size, page order and upload checks",1200,720,svg,NOT_MEASURED,YES,content_or_ui
https://liftpdf.com/images/editorial/compress-pdf-without-quality-loss.svg,https://liftpdf.com/learn/edit-pdf,PDF compression workflow showing file size reduction while checking readability,1200,720,svg,NOT_MEASURED,YES,content_or_ui
https://liftpdf.com/_next/image?url=%2Fimages%2Fseo%2Fmerge-pdf%2Fmerge-pdf-after.webp&w=384&q=75,https://liftpdf.com/learn/edit-pdf,LiftPDF Merge PDF success state after creating a merged document,359,241,,NOT_MEASURED,YES,content_or_ui
https://liftpdf.com/_next/image?url=%2Fimages%2Flearn%2Fscanned-vs-searchable-pdf.webp&w=384&q=75,https://liftpdf.com/learn/edit-pdf,Troubleshooting visual comparing scanned and searchable PDFs,359,215,,NOT_MEASURED,YES,content_or_ui
https://liftpdf.com/_next/image?url=%2Fimages%2Fseo%2Fjpg-to-pdf%2Fjpg-to-pdf-preview.webp&w=384&q=75,https://liftpdf.com/learn/edit-pdf,LiftPDF JPG to PDF live page preview with layout settings,359,241,,NOT_MEASURED,YES,content_or_ui
https://liftpdf.com/images/editorial/pdf-report-polish-workflow.svg,https://liftpdf.com/learn/edit-pdf,"PDF report polish workflow with page numbers, watermark and final download",1200,720,svg,NOT_MEASURED,YES,content_or_ui
https://liftpdf.com/images/editorial/pdf-editing-controls-workflow.svg,https://liftpdf.com/learn/edit-pdf,"PDF editing controls workflow showing rotate, watermark and page number actions",1200,720,svg,NOT_MEASURED,YES,content_or_ui
https://liftpdf.com/images/editorial/pdf-report-polish-workflow.svg,https://liftpdf.com/learn/edit-pdf,"PDF report polish workflow with page numbers, watermark and final download",1200,720,svg,NOT_MEASURED,YES,content_or_ui
https://liftpdf.com/images/editorial/pdf-editing-controls-workflow.svg,https://liftpdf.com/learn/edit-pdf,"PDF editing controls workflow showing rotate, watermark and page number actions",1200,720,svg,NOT_MEASURED,YES,content_or_ui
https://liftpdf.com/_next/image?url=%2Fimages%2Flearn%2Fpdf-security.webp&w=640&q=75,https://liftpdf.com/learn/pdf-security,PDF security visual with password protection and encryption,620,372,,NOT_MEASURED,YES,content_or_ui
https://liftpdf.com/_next/image?url=%2Fimages%2Flearn%2Fpdf-security.webp&w=384&q=75,https://liftpdf.com/learn/pdf-security,PDF security learning visual with protected document,359,215,,NOT_MEASURED,YES,content_or_ui
https://liftpdf.com/_next/image?url=%2Fimages%2Flearn%2Fpdf-security.webp&w=384&q=75,https://liftpdf.com/learn/pdf-security,PDF security learning visual with protected document,359,215,,NOT_MEASURED,YES,content_or_ui
https://liftpdf.com/images/editorial/pdf-password-workflow.svg,https://liftpdf.com/learn/pdf-security,"PDF password workflow showing protected file, known password and unlocked result",1200,720,svg,NOT_MEASURED,YES,content_or_ui
https://liftpdf.com/images/editorial/pdf-report-polish-workflow.svg,https://liftpdf.com/learn/pdf-security,"PDF report polish workflow with page numbers, watermark and final download",1200,720,svg,NOT_MEASURED,YES,content_or_ui
https://liftpdf.com/images/editorial/pdf-password-workflow.svg,https://liftpdf.com/learn/pdf-security,"PDF password workflow showing protected file, known password and unlocked result",1200,720,svg,NOT_MEASURED,YES,content_or_ui
https://liftpdf.com/images/editorial/pdf-password-workflow.svg,https://liftpdf.com/learn/pdf-security,"PDF password workflow showing protected file, known password and unlocked result",1200,720,svg,NOT_MEASURED,YES,content_or_ui
https://liftpdf.com/_next/image?url=%2Fimages%2Flearn%2Fpdf-security.webp&w=384&q=75,https://liftpdf.com/learn/pdf-security,PDF security learning visual with protected document,359,215,,NOT_MEASURED,YES,content_or_ui
https://liftpdf.com/_next/image?url=%2Fimages%2Fseo%2Fextract-pages%2Fextract-pages-after.png&w=384&q=75,https://liftpdf.com/learn/pdf-security,LiftPDF Extract Pages success state after selected pages are exported,359,241,,NOT_MEASURED,YES,content_or_ui
https://liftpdf.com/_next/image?url=%2Fimages%2Flearn%2Fpdf-images.webp&w=640&q=75,https://liftpdf.com/learn/pdf-images,PDF image formats visual with JPG PNG and PDF pages,620,372,,NOT_MEASURED,YES,content_or_ui
https://liftpdf.com/_next/image?url=%2Fimages%2Fseo%2Fjpg-to-pdf%2Fjpg-to-pdf-workflow.webp&w=384&q=75,https://liftpdf.com/learn/pdf-images,"LiftPDF JPG to PDF workflow with upload, preview and download",359,241,,NOT_MEASURED,YES,content_or_ui
https://liftpdf.com/_next/image?url=%2Fimages%2Flearn%2Fpdf-images.webp&w=384&q=75,https://liftpdf.com/learn/pdf-images,PDF and image formats learning visual,359,215,,NOT_MEASURED,YES,content_or_ui
https://liftpdf.com/_next/image?url=%2Fimages%2Flearn%2Fpdf-images.webp&w=384&q=75,https://liftpdf.com/learn/pdf-images,PDF and image formats learning visual,359,215,,NOT_MEASURED,YES,content_or_ui
https://liftpdf.com/_next/image?url=%2Fimages%2Flearn%2Fpdf-images.webp&w=384&q=75,https://liftpdf.com/learn/pdf-images,PDF and image formats learning visual,359,215,,NOT_MEASURED,YES,content_or_ui
https://liftpdf.com/_next/image?url=%2Fimages%2Flearn%2Fpdf-images.webp&w=384&q=75,https://liftpdf.com/learn/pdf-images,PDF and image formats learning visual,359,215,,NOT_MEASURED,YES,content_or_ui
https://liftpdf.com/images/editorial/pdf-to-image-workflow.svg,https://liftpdf.com/learn/pdf-images,PDF to image workflow showing PDF pages exported as JPG or PNG files,1200,720,svg,NOT_MEASURED,YES,content_or_ui
https://liftpdf.com/images/editorial/pdf-to-image-workflow.svg,https://liftpdf.com/learn/pdf-images,PDF to image workflow showing PDF pages exported as JPG or PNG files,1200,720,svg,NOT_MEASURED,YES,content_or_ui
https://liftpdf.com/images/editorial/pdf-to-image-workflow.svg,https://liftpdf.com/learn/pdf-images,PDF to image workflow showing PDF pages exported as JPG or PNG files,1200,720,svg,NOT_MEASURED,YES,content_or_ui
https://liftpdf.com/images/editorial/pdf-to-image-workflow.svg,https://liftpdf.com/learn/pdf-images,PDF to image workflow showing PDF pages exported as JPG or PNG files,1200,720,svg,NOT_MEASURED,YES,content_or_ui
https://liftpdf.com/images/editorial/phone-photos-to-pdf-workflow.svg,https://liftpdf.com/learn/pdf-images,Phone photos to PDF workflow with receipts screenshots and school documents,1200,720,svg,NOT_MEASURED,YES,content_or_ui
https://liftpdf.com/images/editorial/phone-photos-to-pdf-workflow.svg,https://liftpdf.com/learn/pdf-images,Phone photos to PDF workflow with receipts screenshots and school documents,1200,720,svg,NOT_MEASURED,YES,content_or_ui
https://liftpdf.com/images/editorial/phone-photos-to-pdf-workflow.svg,https://liftpdf.com/learn/pdf-images,Phone photos to PDF workflow with receipts screenshots and school documents,1200,720,svg,NOT_MEASURED,YES,content_or_ui
https://liftpdf.com/_next/image?url=%2Fimages%2Fseo%2Fjpg-to-pdf%2Fjpg-to-pdf-before.webp&w=384&q=75,https://liftpdf.com/learn/pdf-images,LiftPDF JPG to PDF before conversion with selected images,359,241,,NOT_MEASURED,YES,content_or_ui
https://liftpdf.com/_next/image?url=%2Fimages%2Flearn%2Fpdf-images.webp&w=384&q=75,https://liftpdf.com/learn/pdf-images,PDF and image formats learning visual,359,215,,NOT_MEASURED,YES,content_or_ui
https://liftpdf.com/_next/image?url=%2Fimages%2Fseo%2Fjpg-to-pdf%2Fjpg-to-pdf-preview.webp&w=384&q=75,https://liftpdf.com/learn/pdf-images,LiftPDF JPG to PDF live page preview with layout settings,359,241,,NOT_MEASURED,YES,content_or_ui
https://liftpdf.com/_next/image?url=%2Fimages%2Flearn%2Fscanned-vs-searchable-pdf.webp&w=640&q=75,https://liftpdf.com/learn/troubleshooting,Troubleshooting visual comparing scanned and searchable PDFs,620,372,,NOT_MEASURED,YES,content_or_ui
https://liftpdf.com/_next/image?url=%2Fimages%2Fseo%2Fmerge-pdf%2Fmerge-pdf-before.webp&w=384&q=75,https://liftpdf.com/learn/troubleshooting,LiftPDF Merge PDF before export with selected PDF files,359,241,,NOT_MEASURED,YES,content_or_ui
https://liftpdf.com/_next/image?url=%2Fimages%2Fseo%2Fmerge-pdf%2Fmerge-pdf-before.webp&w=384&q=75,https://liftpdf.com/learn/troubleshooting,LiftPDF Merge PDF before export with selected PDF files,359,241,,NOT_MEASURED,YES,content_or_ui
https://liftpdf.com/_next/image?url=%2Fimages%2Fseo%2Fmerge-pdf%2Fmerge-pdf-after.webp&w=384&q=75,https://liftpdf.com/learn/troubleshooting,LiftPDF Merge PDF success state after creating a merged document,359,241,,NOT_MEASURED,YES,content_or_ui
https://liftpdf.com/_next/image?url=%2Fimages%2Fseo%2Fjpg-to-pdf%2Fjpg-to-pdf-before.webp&w=384&q=75,https://liftpdf.com/learn/troubleshooting,LiftPDF JPG to PDF before conversion with selected images,359,241,,NOT_MEASURED,YES,content_or_ui
https://liftpdf.com/images/editorial/selectable-text-vs-scanned-text.svg,https://liftpdf.com/learn/troubleshooting,Selectable PDF text compared with scanned image-only PDF text,1200,720,svg,NOT_MEASURED,YES,content_or_ui
https://liftpdf.com/images/editorial/pdf-to-image-workflow.svg,https://liftpdf.com/learn/troubleshooting,PDF to image workflow showing PDF pages exported as JPG or PNG files,1200,720,svg,NOT_MEASURED,YES,content_or_ui
https://liftpdf.com/images/editorial/pdf-password-workflow.svg,https://liftpdf.com/learn/troubleshooting,"PDF password workflow showing protected file, known password and unlocked result",1200,720,svg,NOT_MEASURED,YES,content_or_ui
https://liftpdf.com/_next/image?url=%2Fimages%2Flearn%2Fscanned-vs-searchable-pdf.webp&w=384&q=75,https://liftpdf.com/learn/troubleshooting,Troubleshooting visual comparing scanned and searchable PDFs,359,215,,NOT_MEASURED,YES,content_or_ui
https://liftpdf.com/images/editorial/selectable-text-vs-scanned-text.svg,https://liftpdf.com/learn/troubleshooting,Selectable PDF text compared with scanned image-only PDF text,1200,720,svg,NOT_MEASURED,YES,content_or_ui
https://liftpdf.com/_next/image?url=%2Fimages%2Flearn%2Fscanned-vs-searchable-pdf.webp&w=384&q=75,https://liftpdf.com/learn/troubleshooting,Troubleshooting visual comparing scanned and searchable PDFs,359,215,,NOT_MEASURED,YES,content_or_ui
https://liftpdf.com/images/editorial/compress-pdf-without-quality-loss.svg,https://liftpdf.com/learn/troubleshooting,PDF compression workflow showing file size reduction while checking readability,1200,720,svg,NOT_MEASURED,YES,content_or_ui
https://liftpdf.com/_next/image?url=%2Fimages%2Flearn%2Fscanned-vs-searchable-pdf.webp&w=384&q=75,https://liftpdf.com/learn/troubleshooting,Scanned PDF compared with searchable PDF,359,215,,NOT_MEASURED,YES,content_or_ui
https://liftpdf.com/_next/image?url=%2Fimages%2Flearn%2Fjpg-vs-png.webp&w=640&q=75,https://liftpdf.com/learn/comparisons,Comparison visual with image and PDF format cards,620,372,,NOT_MEASURED,YES,content_or_ui
https://liftpdf.com/_next/image?url=%2Fimages%2Fseo%2Fjpg-to-pdf%2Fjpg-to-pdf-workflow.webp&w=384&q=75,https://liftpdf.com/learn/comparisons,"LiftPDF JPG to PDF workflow with upload, preview and download",359,241,,NOT_MEASURED,YES,content_or_ui
https://liftpdf.com/_next/image?url=%2Fimages%2Flearn%2Fpdf-images.webp&w=384&q=75,https://liftpdf.com/learn/comparisons,PDF and image formats learning visual,359,215,,NOT_MEASURED,YES,content_or_ui
https://liftpdf.com/_next/image?url=%2Fimages%2Flearn%2Fpdf-images.webp&w=384&q=75,https://liftpdf.com/learn/comparisons,PDF and image formats learning visual,359,215,,NOT_MEASURED,YES,content_or_ui
https://liftpdf.com/_next/image?url=%2Fimages%2Flearn%2Fpdf-images.webp&w=384&q=75,https://liftpdf.com/learn/comparisons,PDF and image formats learning visual,359,215,,NOT_MEASURED,YES,content_or_ui
https://liftpdf.com/_next/image?url=%2Fimages%2Flearn%2Fpdf-images.webp&w=384&q=75,https://liftpdf.com/learn/comparisons,PDF and image formats learning visual,359,215,,NOT_MEASURED,YES,content_or_ui
https://liftpdf.com/images/editorial/pdf-to-image-workflow.svg,https://liftpdf.com/learn/comparisons,PDF to image workflow showing PDF pages exported as JPG or PNG files,1200,720,svg,NOT_MEASURED,YES,content_or_ui
https://liftpdf.com/images/editorial/compress-pdf-without-quality-loss.svg,https://liftpdf.com/learn/comparisons,PDF compression workflow showing file size reduction while checking readability,1200,720,svg,NOT_MEASURED,YES,content_or_ui
https://liftpdf.com/_next/image?url=%2Fimages%2Fseo%2Fmerge-pdf%2Fmerge-pdf-workflow.webp&w=384&q=75,https://liftpdf.com/learn/comparisons,"LiftPDF Merge PDF workflow with upload, preview and download steps",359,241,,NOT_MEASURED,YES,content_or_ui
https://liftpdf.com/_next/image?url=%2Fimages%2Fseo%2Fjpg-to-pdf%2Fjpg-to-pdf-after.webp&w=384&q=75,https://liftpdf.com/learn/comparisons,LiftPDF JPG to PDF success state after creating a PDF,359,241,,NOT_MEASURED,YES,content_or_ui
https://liftpdf.com/images/seo/jpg-to-pdf/jpg-to-pdf-workflow.webp,https://liftpdf.com/jpg-to-pdf,LiftPDF JPG to PDF workflow with upload preview and download,1280,860,webp,NOT_MEASURED,YES,content_or_ui
https://liftpdf.com/images/seo/jpg-to-pdf/jpg-to-pdf-workflow.webp,https://liftpdf.com/jpg-to-pdf,LiftPDF JPG to PDF workflow with upload preview and download,1280,860,webp,NOT_MEASURED,YES,content_or_ui
https://liftpdf.com/_next/image?url=%2Fimages%2Fseo%2Fjpg-to-pdf%2Fjpg-to-pdf-before.webp&w=640&q=75,https://liftpdf.com/jpg-to-pdf,LiftPDF JPG to PDF before conversion with uploaded images,559,376,,NOT_MEASURED,YES,content_or_ui
https://liftpdf.com/_next/image?url=%2Fimages%2Fseo%2Fjpg-to-pdf%2Fjpg-to-pdf-after.webp&w=640&q=75,https://liftpdf.com/jpg-to-pdf,LiftPDF JPG to PDF success state after creating a PDF,559,376,,NOT_MEASURED,YES,content_or_ui
https://liftpdf.com/images/seo/jpg-to-pdf/jpg-to-pdf-preview.webp,https://liftpdf.com/jpg-to-pdf,JPG to PDF live layout preview,314,211,webp,NOT_MEASURED,YES,content_or_ui
https://liftpdf.com/images/seo/png-to-pdf/hero.webp,https://liftpdf.com/png-to-pdf,PNG graphics arranged into a clean PDF file,1200,760,webp,NOT_MEASURED,YES,content_or_ui
https://liftpdf.com/images/seo/png-to-pdf/hero.webp,https://liftpdf.com/png-to-pdf,PNG graphics arranged into a clean PDF file,1200,760,webp,NOT_MEASURED,YES,content_or_ui
https://liftpdf.com/images/seo/png-to-pdf/thumbnail.webp,https://liftpdf.com/png-to-pdf,PNG to PDF page preview,314,236,webp,NOT_MEASURED,YES,content_or_ui
https://liftpdf.com/images/seo/images-to-pdf/hero.webp,https://liftpdf.com/images-to-pdf,Mixed image formats combined into one PDF,1200,760,webp,NOT_MEASURED,YES,content_or_ui
https://liftpdf.com/images/seo/images-to-pdf/hero.webp,https://liftpdf.com/images-to-pdf,Mixed image formats combined into one PDF,1200,760,webp,NOT_MEASURED,YES,content_or_ui
https://liftpdf.com/images/seo/images-to-pdf/thumbnail.webp,https://liftpdf.com/images-to-pdf,Images to PDF multi-page preview,314,236,webp,NOT_MEASURED,YES,content_or_ui
https://liftpdf.com/images/seo/pdf-to-jpg/hero.webp,https://liftpdf.com/pdf-to-jpg,PDF pages exported as JPG image files,1200,760,webp,NOT_MEASURED,YES,content_or_ui
https://liftpdf.com/images/seo/pdf-to-jpg/hero.webp,https://liftpdf.com/pdf-to-jpg,PDF pages exported as JPG image files,1200,760,webp,NOT_MEASURED,YES,content_or_ui
https://liftpdf.com/images/seo/pdf-to-jpg/thumbnail.webp,https://liftpdf.com/pdf-to-jpg,PDF to JPG page export preview,314,236,webp,NOT_MEASURED,YES,content_or_ui
https://liftpdf.com/images/seo/pdf-to-png/hero.webp,https://liftpdf.com/pdf-to-png,PDF to PNG workflow illustration,1200,760,webp,NOT_MEASURED,YES,content_or_ui
https://liftpdf.com/images/seo/pdf-to-png/hero.webp,https://liftpdf.com/pdf-to-png,PDF to PNG workflow illustration,1200,760,webp,NOT_MEASURED,YES,content_or_ui
https://liftpdf.com/images/seo/pdf-to-png/thumbnail.webp,https://liftpdf.com/pdf-to-png,PDF to PNG preview,314,236,webp,NOT_MEASURED,YES,content_or_ui
https://liftpdf.com/images/seo/merge-pdf/hero.webp,https://liftpdf.com/merge-pdf,Merge PDF workflow illustration,1200,760,webp,NOT_MEASURED,YES,content_or_ui
https://liftpdf.com/images/seo/merge-pdf/hero.webp,https://liftpdf.com/merge-pdf,Merge PDF workflow illustration,1200,760,webp,NOT_MEASURED,YES,content_or_ui
https://liftpdf.com/_next/image?url=%2Fimages%2Fseo%2Fmerge-pdf%2Fmerge-pdf-before.webp&w=640&q=75,https://liftpdf.com/merge-pdf,Merge PDF page showing selected files before merging,559,376,,NOT_MEASURED,YES,content_or_ui
https://liftpdf.com/_next/image?url=%2Fimages%2Fseo%2Fmerge-pdf%2Fmerge-pdf-after.webp&w=640&q=75,https://liftpdf.com/merge-pdf,Merge PDF success screen after creating a combined PDF,559,376,,NOT_MEASURED,YES,content_or_ui
https://liftpdf.com/images/seo/merge-pdf/thumbnail.webp,https://liftpdf.com/merge-pdf,Merge PDF preview,314,236,webp,NOT_MEASURED,YES,content_or_ui
https://liftpdf.com/images/seo/split-pdf/hero.webp,https://liftpdf.com/split-pdf,Split PDF workflow illustration,1200,760,webp,NOT_MEASURED,YES,content_or_ui
https://liftpdf.com/images/seo/split-pdf/hero.webp,https://liftpdf.com/split-pdf,Split PDF workflow illustration,1200,760,webp,NOT_MEASURED,YES,content_or_ui
https://liftpdf.com/images/seo/split-pdf/thumbnail.webp,https://liftpdf.com/split-pdf,Split PDF preview,314,236,webp,NOT_MEASURED,YES,content_or_ui
https://liftpdf.com/images/seo/compress-pdf/hero.webp,https://liftpdf.com/compress-pdf,Compress PDF workflow illustration,1200,760,webp,NOT_MEASURED,YES,content_or_ui
https://liftpdf.com/images/seo/compress-pdf/hero.webp,https://liftpdf.com/compress-pdf,Compress PDF workflow illustration,1200,760,webp,NOT_MEASURED,YES,content_or_ui
https://liftpdf.com/images/seo/compress-pdf/thumbnail.webp,https://liftpdf.com/compress-pdf,Compress PDF preview,314,236,webp,NOT_MEASURED,YES,content_or_ui
https://liftpdf.com/images/seo/rotate-pdf/hero.webp,https://liftpdf.com/rotate-pdf,Rotate PDF workflow illustration,1200,760,webp,NOT_MEASURED,YES,content_or_ui
https://liftpdf.com/images/seo/rotate-pdf/hero.webp,https://liftpdf.com/rotate-pdf,Rotate PDF workflow illustration,1200,760,webp,NOT_MEASURED,YES,content_or_ui
https://liftpdf.com/images/seo/rotate-pdf/thumbnail.webp,https://liftpdf.com/rotate-pdf,Rotate PDF preview,640,480,webp,NOT_MEASURED,YES,content_or_ui
https://liftpdf.com/images/seo/add-page-numbers/hero.webp,https://liftpdf.com/add-page-numbers,Add Page Numbers workflow illustration,1200,760,webp,NOT_MEASURED,YES,content_or_ui
https://liftpdf.com/images/seo/add-page-numbers/hero.webp,https://liftpdf.com/add-page-numbers,Add Page Numbers workflow illustration,1200,760,webp,NOT_MEASURED,YES,content_or_ui
https://liftpdf.com/images/seo/add-page-numbers/thumbnail.webp,https://liftpdf.com/add-page-numbers,Add Page Numbers preview,314,236,webp,NOT_MEASURED,YES,content_or_ui
https://liftpdf.com/images/seo/watermark-pdf/hero.webp,https://liftpdf.com/watermark-pdf,Watermark PDF workflow illustration,1200,760,webp,NOT_MEASURED,YES,content_or_ui
https://liftpdf.com/images/seo/watermark-pdf/hero.webp,https://liftpdf.com/watermark-pdf,Watermark PDF workflow illustration,1200,760,webp,NOT_MEASURED,YES,content_or_ui
https://liftpdf.com/images/seo/watermark-pdf/thumbnail.webp,https://liftpdf.com/watermark-pdf,Watermark PDF preview,314,236,webp,NOT_MEASURED,YES,content_or_ui
https://liftpdf.com/images/seo/pdf-to-text/hero.webp,https://liftpdf.com/pdf-to-text,PDF to Text workflow illustration,1200,760,webp,NOT_MEASURED,YES,content_or_ui
https://liftpdf.com/images/seo/pdf-to-text/hero.webp,https://liftpdf.com/pdf-to-text,PDF to Text workflow illustration,1200,760,webp,NOT_MEASURED,YES,content_or_ui
https://liftpdf.com/images/seo/pdf-to-text/thumbnail.webp,https://liftpdf.com/pdf-to-text,PDF to Text preview,314,236,webp,NOT_MEASURED,YES,content_or_ui
https://liftpdf.com/images/seo/protect-pdf/hero.webp,https://liftpdf.com/protect-pdf,Protect PDF workflow illustration,1200,760,webp,NOT_MEASURED,YES,content_or_ui
https://liftpdf.com/images/seo/protect-pdf/hero.webp,https://liftpdf.com/protect-pdf,Protect PDF workflow illustration,1200,760,webp,NOT_MEASURED,YES,content_or_ui
https://liftpdf.com/images/seo/protect-pdf/thumbnail.webp,https://liftpdf.com/protect-pdf,Protect PDF preview,314,236,webp,NOT_MEASURED,YES,content_or_ui
https://liftpdf.com/images/seo/unlock-pdf/hero.webp,https://liftpdf.com/unlock-pdf,Unlock PDF workflow illustration,1200,760,webp,NOT_MEASURED,YES,content_or_ui
https://liftpdf.com/images/seo/unlock-pdf/hero.webp,https://liftpdf.com/unlock-pdf,Unlock PDF workflow illustration,1200,760,webp,NOT_MEASURED,YES,content_or_ui
https://liftpdf.com/images/seo/unlock-pdf/thumbnail.webp,https://liftpdf.com/unlock-pdf,Unlock PDF preview,640,480,webp,NOT_MEASURED,YES,content_or_ui
https://liftpdf.com/images/seo/delete-pages/hero.webp,https://liftpdf.com/delete-pages,Delete Pages workflow illustration,1200,760,webp,NOT_MEASURED,YES,content_or_ui
https://liftpdf.com/images/seo/delete-pages/hero.webp,https://liftpdf.com/delete-pages,Delete Pages workflow illustration,1200,760,webp,NOT_MEASURED,YES,content_or_ui
https://liftpdf.com/_next/image?url=%2Fimages%2Fseo%2Fdelete-pages%2Fdelete-pages-before.png&w=3840&q=75,https://liftpdf.com/delete-pages,Delete PDF Pages page thumbnails before removing selected pages,570,383,,NOT_MEASURED,YES,content_or_ui
https://liftpdf.com/_next/image?url=%2Fimages%2Fseo%2Fdelete-pages%2Fdelete-pages-after.png&w=3840&q=75,https://liftpdf.com/delete-pages,Delete PDF Pages success state after creating an updated PDF,570,383,,NOT_MEASURED,YES,content_or_ui
https://liftpdf.com/images/seo/delete-pages/thumbnail.webp,https://liftpdf.com/delete-pages,Delete Pages preview,314,236,webp,NOT_MEASURED,YES,content_or_ui
https://liftpdf.com/images/seo/extract-pages/hero.webp,https://liftpdf.com/extract-pages,Extract Pages workflow illustration,1200,760,webp,NOT_MEASURED,YES,content_or_ui
https://liftpdf.com/images/seo/extract-pages/hero.webp,https://liftpdf.com/extract-pages,Extract Pages workflow illustration,1200,760,webp,NOT_MEASURED,YES,content_or_ui
https://liftpdf.com/_next/image?url=%2Fimages%2Fseo%2Fextract-pages%2Fextract-pages-before.png&w=3840&q=75,https://liftpdf.com/extract-pages,Extract PDF Pages page preview before selecting pages,570,383,,NOT_MEASURED,YES,content_or_ui
https://liftpdf.com/_next/image?url=%2Fimages%2Fseo%2Fextract-pages%2Fextract-pages-after.png&w=3840&q=75,https://liftpdf.com/extract-pages,Extract PDF Pages success state after selected pages are exported,570,383,,NOT_MEASURED,YES,content_or_ui
https://liftpdf.com/images/seo/extract-pages/thumbnail.webp,https://liftpdf.com/extract-pages,Extract Pages preview,314,236,webp,NOT_MEASURED,YES,content_or_ui
https://liftpdf.com/images/seo/reorder-pages/hero.webp,https://liftpdf.com/reorder-pages,Reorder Pages workflow illustration,1200,760,webp,NOT_MEASURED,YES,content_or_ui
https://liftpdf.com/images/seo/reorder-pages/hero.webp,https://liftpdf.com/reorder-pages,Reorder Pages workflow illustration,1200,760,webp,NOT_MEASURED,YES,content_or_ui
https://liftpdf.com/_next/image?url=%2Fimages%2Fseo%2Freorder-pages%2Freorder-pages-before.png&w=640&q=75,https://liftpdf.com/reorder-pages,Reorder PDF Pages thumbnail grid before changing page order,559,376,,NOT_MEASURED,YES,content_or_ui
https://liftpdf.com/_next/image?url=%2Fimages%2Fseo%2Freorder-pages%2Freorder-pages-after.png&w=640&q=75,https://liftpdf.com/reorder-pages,Reorder PDF Pages success state after creating a reordered PDF,559,376,,NOT_MEASURED,YES,content_or_ui
https://liftpdf.com/images/seo/reorder-pages/thumbnail.webp,https://liftpdf.com/reorder-pages,Reorder Pages preview,314,236,webp,NOT_MEASURED,YES,content_or_ui
https://liftpdf.com/_next/image?url=%2Fimages%2Fseo%2Fextract-pages%2Fextract-pages-before.png&w=640&q=75,https://liftpdf.com/guides/how-to-extract-pages-from-pdf,LiftPDF Extract Pages visual page picker with PDF thumbnails,620,416,,NOT_MEASURED,YES,content_or_ui
https://liftpdf.com/_next/image?url=%2Fimages%2Fseo%2Fextract-pages%2Fextract-pages-before.png&w=640&q=75,https://liftpdf.com/guides/how-to-extract-pages-from-pdf,LiftPDF Extract Pages page picker before extracting selected pages,430,288,,NOT_MEASURED,YES,content_or_ui
https://liftpdf.com/_next/image?url=%2Fimages%2Fseo%2Fextract-pages%2Fextract-pages-after.png&w=640&q=75,https://liftpdf.com/guides/how-to-extract-pages-from-pdf,LiftPDF Extract Pages success state after export,430,288,,NOT_MEASURED,YES,content_or_ui
https://liftpdf.com/images/editorial/extract-vs-split-workflow.svg,https://liftpdf.com/guides/how-to-extract-pages-from-pdf,Diagram comparing Extract Pages and Split PDF workflows,1200,720,svg,NOT_MEASURED,YES,content_or_ui
https://liftpdf.com/_next/image?url=%2Fimages%2Fseo%2Fextract-pages%2Fextract-pages-before.png&w=640&q=75,https://liftpdf.com/guides/extract-one-page-from-pdf,LiftPDF Extract Pages visual page picker with PDF thumbnails,620,416,,NOT_MEASURED,YES,content_or_ui
https://liftpdf.com/_next/image?url=%2Fimages%2Fseo%2Fextract-pages%2Fextract-pages-before.png&w=640&q=75,https://liftpdf.com/guides/extract-multiple-pages-from-pdf,LiftPDF Extract Pages visual page picker with PDF thumbnails,620,416,,NOT_MEASURED,YES,content_or_ui
https://liftpdf.com/_next/image?url=%2Fimages%2Fseo%2Fextract-pages%2Fextract-pages-after.png&w=640&q=75,https://liftpdf.com/guides/extract-pdf-pages-without-adobe,LiftPDF Extract Pages success state after selected pages are exported,620,416,,NOT_MEASURED,YES,content_or_ui
https://liftpdf.com/_next/image?url=%2Fimages%2Fseo%2Fextract-pages%2Fextract-pages-after.png&w=640&q=75,https://liftpdf.com/guides/extract-pages-from-password-protected-pdf,LiftPDF Extract Pages success state after selected pages are exported,620,416,,NOT_MEASURED,YES,content_or_ui
https://liftpdf.com/_next/image?url=%2Fimages%2Fseo%2Fextract-pages%2Fextract-pages-before.png&w=640&q=75,https://liftpdf.com/guides/extract-pages-from-scanned-pdf,LiftPDF Extract Pages visual page picker with PDF thumbnails,620,416,,NOT_MEASURED,YES,content_or_ui
https://liftpdf.com/_next/image?url=%2Fimages%2Fseo%2Fextract-pages%2Fextract-pages-after.png&w=640&q=75,https://liftpdf.com/guides/extract-pages-vs-split-pdf,LiftPDF Extract Pages success state after selected pages are exported,620,416,,NOT_MEASURED,YES,content_or_ui
https://liftpdf.com/_next/image?url=%2Fimages%2Fseo%2Fmerge-pdf%2Fmerge-pdf-workflow.webp&w=640&q=75,https://liftpdf.com/guides/how-to-merge-pdf,"LiftPDF Merge PDF workflow with upload, preview and download steps",620,416,,NOT_MEASURED,YES,content_or_ui
https://liftpdf.com/_next/image?url=%2Fimages%2Fseo%2Fmerge-pdf%2Fmerge-pdf-before.webp&w=640&q=75,https://liftpdf.com/guides/how-to-merge-pdf,LiftPDF Merge PDF upload preview with two PDF files ready to combine,430,288,,NOT_MEASURED,YES,content_or_ui
https://liftpdf.com/_next/image?url=%2Fimages%2Fseo%2Fmerge-pdf%2Fmerge-pdf-workflow.webp&w=640&q=75,https://liftpdf.com/guides/how-to-merge-pdf,LiftPDF Merge PDF workflow from upload to browser processing and download,430,288,,NOT_MEASURED,YES,content_or_ui
https://liftpdf.com/_next/image?url=%2Fimages%2Fseo%2Fmerge-pdf%2Fmerge-pdf-after.webp&w=640&q=75,https://liftpdf.com/guides/how-to-merge-pdf,LiftPDF Merge PDF success state after generating a merged PDF,430,288,,NOT_MEASURED,YES,content_or_ui
https://liftpdf.com/_next/image?url=%2Fimages%2Fseo%2Fmerge-pdf%2Fmerge-pdf-before.webp&w=640&q=75,https://liftpdf.com/guides/merge-pdf-online,LiftPDF Merge PDF before export with selected PDF files,620,416,,NOT_MEASURED,YES,content_or_ui
https://liftpdf.com/_next/image?url=%2Fimages%2Fseo%2Fmerge-pdf%2Fmerge-pdf-workflow.webp&w=640&q=75,https://liftpdf.com/guides/merge-pdf-without-adobe,"LiftPDF Merge PDF workflow with upload, preview and download steps",620,416,,NOT_MEASURED,YES,content_or_ui
https://liftpdf.com/_next/image?url=%2Fimages%2Fseo%2Fmerge-pdf%2Fmerge-pdf-before.webp&w=640&q=75,https://liftpdf.com/guides/merge-two-pdf-files,LiftPDF Merge PDF before export with selected PDF files,620,416,,NOT_MEASURED,YES,content_or_ui
https://liftpdf.com/_next/image?url=%2Fimages%2Fseo%2Fmerge-pdf%2Fmerge-pdf-workflow.webp&w=640&q=75,https://liftpdf.com/guides/merge-multiple-pdf-files,"LiftPDF Merge PDF workflow with upload, preview and download steps",620,416,,NOT_MEASURED,YES,content_or_ui
https://liftpdf.com/_next/image?url=%2Fimages%2Fseo%2Fmerge-pdf%2Fmerge-pdf-after.webp&w=640&q=75,https://liftpdf.com/guides/merge-pdf-free,LiftPDF Merge PDF success state after creating a merged document,620,416,,NOT_MEASURED,YES,content_or_ui
https://liftpdf.com/_next/image?url=%2Fimages%2Fseo%2Fmerge-pdf%2Fmerge-pdf-before.webp&w=640&q=75,https://liftpdf.com/guides/why-cant-i-merge-pdf-files,LiftPDF Merge PDF before export with selected PDF files,620,416,,NOT_MEASURED,YES,content_or_ui
https://liftpdf.com/_next/image?url=%2Fimages%2Fseo%2Fmerge-pdf%2Fmerge-pdf-after.webp&w=640&q=75,https://liftpdf.com/guides/why-is-my-merged-pdf-too-large,LiftPDF Merge PDF success state after creating a merged document,620,416,,NOT_MEASURED,YES,content_or_ui
https://liftpdf.com/_next/image?url=%2Fimages%2Fseo%2Fmerge-pdf%2Fmerge-pdf-before.webp&w=640&q=75,https://liftpdf.com/guides/why-does-merge-pdf-fail,LiftPDF Merge PDF before export with selected PDF files,620,416,,NOT_MEASURED,YES,content_or_ui
https://liftpdf.com/_next/image?url=%2Fimages%2Fseo%2Fmerge-pdf%2Fmerge-pdf-after.webp&w=640&q=75,https://liftpdf.com/guides/why-cant-i-merge-protected-pdfs,LiftPDF Merge PDF success state after creating a merged document,620,416,,NOT_MEASURED,YES,content_or_ui
https://liftpdf.com/_next/image?url=%2Fimages%2Fseo%2Fmerge-pdf%2Fmerge-pdf-workflow.webp&w=640&q=75,https://liftpdf.com/guides/merge-pdf-vs-combine-pdf,"LiftPDF Merge PDF workflow with upload, preview and download steps",620,416,,NOT_MEASURED,YES,content_or_ui
https://liftpdf.com/_next/image?url=%2Fimages%2Fseo%2Fmerge-pdf%2Fmerge-pdf-after.webp&w=640&q=75,https://liftpdf.com/guides/merge-pdf-vs-adobe,LiftPDF Merge PDF success state after creating a merged document,620,416,,NOT_MEASURED,YES,content_or_ui
https://liftpdf.com/_next/image?url=%2Fimages%2Fseo%2Fmerge-pdf%2Fmerge-pdf-workflow.webp&w=640&q=75,https://liftpdf.com/guides/merge-pdf-vs-smallpdf,"LiftPDF Merge PDF workflow with upload, preview and download steps",620,416,,NOT_MEASURED,YES,content_or_ui
https://liftpdf.com/_next/image?url=%2Fimages%2Fseo%2Fmerge-pdf%2Fmerge-pdf-after.webp&w=640&q=75,https://liftpdf.com/guides/merge-pdf-vs-ilovepdf,LiftPDF Merge PDF success state after creating a merged document,620,416,,NOT_MEASURED,YES,content_or_ui
https://liftpdf.com/_next/image?url=%2Fimages%2Fseo%2Fmerge-pdf%2Fmerge-pdf-workflow.webp&w=640&q=75,https://liftpdf.com/guides/merge-pdf-faq,"LiftPDF Merge PDF workflow with upload, preview and download steps",620,416,,NOT_MEASURED,YES,content_or_ui
https://liftpdf.com/_next/image?url=%2Fimages%2Fseo%2Fjpg-to-pdf%2Fjpg-to-pdf-workflow.webp&w=640&q=75,https://liftpdf.com/guides/how-to-convert-jpg-to-pdf,"LiftPDF JPG to PDF workflow with upload, preview and download",620,416,,NOT_MEASURED,YES,content_or_ui
https://liftpdf.com/_next/image?url=%2Fimages%2Fseo%2Fjpg-to-pdf%2Fjpg-to-pdf-preview.webp&w=640&q=75,https://liftpdf.com/guides/how-to-convert-jpg-to-pdf,LiftPDF JPG to PDF live preview with page size and margin settings,430,288,,NOT_MEASURED,YES,content_or_ui
https://liftpdf.com/_next/image?url=%2Fimages%2Fseo%2Fjpg-to-pdf%2Fjpg-to-pdf-workflow.webp&w=640&q=75,https://liftpdf.com/guides/how-to-convert-jpg-to-pdf,LiftPDF JPG to PDF workflow from image upload to PDF download,430,288,,NOT_MEASURED,YES,content_or_ui
https://liftpdf.com/_next/image?url=%2Fimages%2Flearn%2Fjpg-vs-png.webp&w=640&q=75,https://liftpdf.com/guides/how-to-convert-jpg-to-pdf,Comparison visual showing JPG PNG and PDF image workflows,430,258,,NOT_MEASURED,YES,content_or_ui
https://liftpdf.com/_next/image?url=%2Fimages%2Fseo%2Fjpg-to-pdf%2Fjpg-to-pdf-before.webp&w=640&q=75,https://liftpdf.com/guides/how-to-convert-multiple-jpg-to-pdf,LiftPDF JPG to PDF before conversion with selected images,620,416,,NOT_MEASURED,YES,content_or_ui
https://liftpdf.com/_next/image?url=%2Fimages%2Fseo%2Fjpg-to-pdf%2Fjpg-to-pdf-preview.webp&w=640&q=75,https://liftpdf.com/guides/how-to-convert-jpg-to-pdf-without-losing-quality,LiftPDF JPG to PDF live page preview with layout settings,620,416,,NOT_MEASURED,YES,content_or_ui
https://liftpdf.com/_next/image?url=%2Fimages%2Fseo%2Fjpg-to-pdf%2Fjpg-to-pdf-workflow.webp&w=640&q=75,https://liftpdf.com/guides/jpg-to-pdf-online,"LiftPDF JPG to PDF workflow with upload, preview and download",620,416,,NOT_MEASURED,YES,content_or_ui
https://liftpdf.com/_next/image?url=%2Fimages%2Fseo%2Fjpg-to-pdf%2Fjpg-to-pdf-after.webp&w=640&q=75,https://liftpdf.com/guides/jpg-to-pdf-without-adobe,LiftPDF JPG to PDF success state after creating a PDF,620,416,,NOT_MEASURED,YES,content_or_ui
https://liftpdf.com/_next/image?url=%2Fimages%2Fseo%2Fjpg-to-pdf%2Fjpg-to-pdf-after.webp&w=640&q=75,https://liftpdf.com/guides/jpg-to-pdf-free,LiftPDF JPG to PDF success state after creating a PDF,620,416,,NOT_MEASURED,YES,content_or_ui
https://liftpdf.com/_next/image?url=%2Fimages%2Fseo%2Fjpg-to-pdf%2Fjpg-to-pdf-preview.webp&w=640&q=75,https://liftpdf.com/guides/why-is-my-jpg-blurry-after-pdf,LiftPDF JPG to PDF live page preview with layout settings,620,416,,NOT_MEASURED,YES,content_or_ui
https://liftpdf.com/images/editorial/jpg-blurry-causes.svg,https://liftpdf.com/guides/why-is-my-jpg-blurry-after-pdf,Diagram showing low resolution resaving stretching and wrong fit causing blurry JPG to PDF output,1200,720,svg,NOT_MEASURED,YES,content_or_ui
https://liftpdf.com/_next/image?url=%2Fimages%2Fseo%2Fjpg-to-pdf%2Fjpg-to-pdf-preview.webp&w=640&q=75,https://liftpdf.com/guides/why-is-my-jpg-blurry-after-pdf,LiftPDF JPG to PDF live preview with page size and margin settings,430,288,,NOT_MEASURED,YES,content_or_ui
https://liftpdf.com/_next/image?url=%2Fimages%2Fseo%2Fjpg-to-pdf%2Fjpg-to-pdf-workflow.webp&w=640&q=75,https://liftpdf.com/guides/why-is-my-jpg-blurry-after-pdf,LiftPDF JPG to PDF workflow from image upload to PDF download,430,288,,NOT_MEASURED,YES,content_or_ui
https://liftpdf.com/_next/image?url=%2Fimages%2Fseo%2Fjpg-to-pdf%2Fjpg-to-pdf-after.webp&w=640&q=75,https://liftpdf.com/guides/why-is-my-pdf-too-large-after-converting-jpg,LiftPDF JPG to PDF success state after creating a PDF,620,416,,NOT_MEASURED,YES,content_or_ui
https://liftpdf.com/_next/image?url=%2Fimages%2Fseo%2Fjpg-to-pdf%2Fjpg-to-pdf-before.webp&w=640&q=75,https://liftpdf.com/guides/why-cant-i-convert-jpg-to-pdf,LiftPDF JPG to PDF before conversion with selected images,620,416,,NOT_MEASURED,YES,content_or_ui
https://liftpdf.com/_next/image?url=%2Fimages%2Fseo%2Fjpg-to-pdf%2Fjpg-to-pdf-preview.webp&w=640&q=75,https://liftpdf.com/guides/how-to-keep-original-image-quality,LiftPDF JPG to PDF live page preview with layout settings,620,416,,NOT_MEASURED,YES,content_or_ui
https://liftpdf.com/_next/image?url=%2Fimages%2Fseo%2Fjpg-to-pdf%2Fjpg-to-pdf-workflow.webp&w=640&q=75,https://liftpdf.com/guides/jpg-vs-png,"LiftPDF JPG to PDF workflow with upload, preview and download",620,416,,NOT_MEASURED,YES,content_or_ui
https://liftpdf.com/_next/image?url=%2Fimages%2Fseo%2Fjpg-to-pdf%2Fjpg-to-pdf-preview.webp&w=640&q=75,https://liftpdf.com/guides/jpg-vs-png,LiftPDF JPG to PDF live preview with page size and margin settings,430,288,,NOT_MEASURED,YES,content_or_ui
https://liftpdf.com/_next/image?url=%2Fimages%2Fseo%2Fjpg-to-pdf%2Fjpg-to-pdf-workflow.webp&w=640&q=75,https://liftpdf.com/guides/jpg-vs-png,LiftPDF JPG to PDF workflow from image upload to PDF download,430,288,,NOT_MEASURED,YES,content_or_ui
https://liftpdf.com/_next/image?url=%2Fimages%2Flearn%2Fjpg-vs-png.webp&w=640&q=75,https://liftpdf.com/guides/jpg-vs-png,Comparison visual showing JPG PNG and PDF image workflows,430,258,,NOT_MEASURED,YES,content_or_ui
https://liftpdf.com/_next/image?url=%2Fimages%2Fseo%2Fjpg-to-pdf%2Fjpg-to-pdf-after.webp&w=640&q=75,https://liftpdf.com/guides/jpg-to-pdf-vs-word,LiftPDF JPG to PDF success state after creating a PDF,620,416,,NOT_MEASURED,YES,content_or_ui
https://liftpdf.com/_next/image?url=%2Fimages%2Fseo%2Fjpg-to-pdf%2Fjpg-to-pdf-workflow.webp&w=640&q=75,https://liftpdf.com/guides/jpg-to-pdf-vs-smallpdf,"LiftPDF JPG to PDF workflow with upload, preview and download",620,416,,NOT_MEASURED,YES,content_or_ui
https://liftpdf.com/_next/image?url=%2Fimages%2Fseo%2Fjpg-to-pdf%2Fjpg-to-pdf-after.webp&w=640&q=75,https://liftpdf.com/guides/jpg-to-pdf-vs-adobe,LiftPDF JPG to PDF success state after creating a PDF,620,416,,NOT_MEASURED,YES,content_or_ui
https://liftpdf.com/_next/image?url=%2Fimages%2Fseo%2Fjpg-to-pdf%2Fjpg-to-pdf-preview.webp&w=640&q=75,https://liftpdf.com/guides/jpg-to-pdf-faq,LiftPDF JPG to PDF live page preview with layout settings,620,416,,NOT_MEASURED,YES,content_or_ui
https://liftpdf.com/_next/image?url=%2Fimages%2Flearn%2Fpdf-basics.webp&w=640&q=75,https://liftpdf.com/guides/what-is-a-pdf,PDF basics learning visual with document workflow,620,372,,NOT_MEASURED,YES,content_or_ui
https://liftpdf.com/images/editorial/pdf-document-structure-diagram.svg,https://liftpdf.com/guides/what-is-a-pdf,Diagram showing a PDF as pages with text images fonts metadata and links,380,237,svg,NOT_MEASURED,YES,content_or_ui
https://liftpdf.com/_next/image?url=%2Fimages%2Flearn%2Fpdf-basics.webp&w=640&q=75,https://liftpdf.com/guides/what-is-a-pdf,LiftPDF PDF basics learning visual with document workflow cards,430,258,,NOT_MEASURED,YES,content_or_ui
https://liftpdf.com/_next/image?url=%2Fimages%2Flearn%2Fpdf-images.webp&w=640&q=75,https://liftpdf.com/guides/jpg-vs-jpeg,PDF and image formats learning visual,620,372,,NOT_MEASURED,YES,content_or_ui
https://liftpdf.com/_next/image?url=%2Fimages%2Flearn%2Fpdf-images.webp&w=640&q=75,https://liftpdf.com/guides/png-vs-pdf,PDF and image formats learning visual,620,372,,NOT_MEASURED,YES,content_or_ui
https://liftpdf.com/_next/image?url=%2Fimages%2Flearn%2Fpdf-basics.webp&w=640&q=75,https://liftpdf.com/guides/what-is-pdf-compression,PDF basics learning visual with document workflow,620,372,,NOT_MEASURED,YES,content_or_ui
https://liftpdf.com/_next/image?url=%2Fimages%2Flearn%2Fpdf-security.webp&w=640&q=75,https://liftpdf.com/guides/what-is-a-password-protected-pdf,PDF security learning visual with protected document,620,372,,NOT_MEASURED,YES,content_or_ui
https://liftpdf.com/_next/image?url=%2Fimages%2Flearn%2Fpdf-security.webp&w=640&q=75,https://liftpdf.com/guides/what-is-browser-based-pdf-processing,PDF security learning visual with protected document,620,372,,NOT_MEASURED,YES,content_or_ui
https://liftpdf.com/_next/image?url=%2Fimages%2Flearn%2Fscanned-vs-searchable-pdf.webp&w=640&q=75,https://liftpdf.com/guides/scanned-pdf-vs-searchable-pdf,Scanned PDF compared with searchable PDF,620,372,,NOT_MEASURED,YES,content_or_ui
https://liftpdf.com/_next/image?url=%2Fimages%2Flearn%2Fscanned-vs-searchable-pdf.webp&w=640&q=75,https://liftpdf.com/guides/why-is-my-pdf-too-large,Troubleshooting visual comparing scanned and searchable PDFs,620,372,,NOT_MEASURED,YES,content_or_ui
https://liftpdf.com/_next/image?url=%2Fimages%2Flearn%2Fpdf-basics.webp&w=640&q=75,https://liftpdf.com/guides/how-to-reduce-pdf-file-size-for-email,PDF basics learning visual with document workflow,620,372,,NOT_MEASURED,YES,content_or_ui
https://liftpdf.com/_next/image?url=%2Fimages%2Flearn%2Forganize-pdf.webp&w=640&q=75,https://liftpdf.com/guides/how-to-combine-scanned-documents-into-one-pdf,Organize PDF visual with pages being merged and reordered,620,372,,NOT_MEASURED,YES,content_or_ui
https://liftpdf.com/_next/image?url=%2Fimages%2Flearn%2Fpdf-basics.webp&w=640&q=75,https://liftpdf.com/guides/how-to-prepare-a-pdf-for-online-submission,PDF basics learning visual with document workflow,620,372,,NOT_MEASURED,YES,content_or_ui
https://liftpdf.com/_next/image?url=%2Fimages%2Flearn%2Forganize-pdf.webp&w=640&q=75,https://liftpdf.com/guides/how-to-organize-pdf-pages-before-sending,Organize PDF visual with pages being merged and reordered,620,372,,NOT_MEASURED,YES,content_or_ui
https://liftpdf.com/_next/image?url=%2Fimages%2Flearn%2Fpdf-images.webp&w=640&q=75,https://liftpdf.com/guides/how-to-turn-phone-photos-into-a-pdf,PDF and image formats learning visual,620,372,,NOT_MEASURED,YES,content_or_ui
https://liftpdf.com/_next/image?url=%2Fimages%2Flearn%2Fpdf-images.webp&w=640&q=75,https://liftpdf.com/guides/how-to-keep-pdf-images-sharp,PDF and image formats learning visual,620,372,,NOT_MEASURED,YES,content_or_ui
https://liftpdf.com/_next/image?url=%2Fimages%2Flearn%2Fscanned-vs-searchable-pdf.webp&w=640&q=75,https://liftpdf.com/guides/why-pdf-opens-blank,Troubleshooting visual comparing scanned and searchable PDFs,620,372,,NOT_MEASURED,YES,content_or_ui
https://liftpdf.com/_next/image?url=%2Fimages%2Flearn%2Fpdf-security.webp&w=640&q=75,https://liftpdf.com/guides/why-a-pdf-is-password-protected,PDF security learning visual with protected document,620,372,,NOT_MEASURED,YES,content_or_ui
https://liftpdf.com/_next/image?url=%2Fimages%2Flearn%2Fpdf-images.webp&w=640&q=75,https://liftpdf.com/guides/pdf-vs-jpg,PDF and image formats learning visual,620,372,,NOT_MEASURED,YES,content_or_ui
https://liftpdf.com/_next/image?url=%2Fimages%2Flearn%2Fpdf-images.webp&w=640&q=75,https://liftpdf.com/guides/pdf-vs-png,PDF and image formats learning visual,620,372,,NOT_MEASURED,YES,content_or_ui
https://liftpdf.com/images/editorial/compress-pdf-without-quality-loss.svg,https://liftpdf.com/guides/how-to-compress-pdf-without-losing-quality,PDF compression workflow showing file size reduction while checking readability,1200,720,svg,NOT_MEASURED,YES,content_or_ui
https://liftpdf.com/images/editorial/compress-pdf-without-quality-loss.svg,https://liftpdf.com/guides/how-to-compress-pdf-without-losing-quality,PDF compression workflow showing size reduction with readability checks,1200,720,svg,NOT_MEASURED,YES,content_or_ui
https://liftpdf.com/_next/image?url=%2Fimages%2Fseo%2Fcompress-pdf%2Fhero.webp&w=640&q=75,https://liftpdf.com/guides/how-to-compress-pdf-without-losing-quality,LiftPDF Compress PDF tool preview,430,272,,NOT_MEASURED,YES,content_or_ui
https://liftpdf.com/images/editorial/compress-pdf-without-quality-loss.svg,https://liftpdf.com/guides/compress-pdf-for-email,PDF compression workflow showing file size reduction while checking readability,1200,720,svg,NOT_MEASURED,YES,content_or_ui
https://liftpdf.com/images/editorial/compress-pdf-without-quality-loss.svg,https://liftpdf.com/guides/reduce-scanned-pdf-size,PDF compression workflow showing file size reduction while checking readability,1200,720,svg,NOT_MEASURED,YES,content_or_ui
https://liftpdf.com/images/editorial/compress-pdf-without-quality-loss.svg,https://liftpdf.com/guides/reduce-scanned-pdf-size,Scanned PDF compression visual showing image-heavy pages becoming smaller,1200,720,svg,NOT_MEASURED,YES,content_or_ui
https://liftpdf.com/images/editorial/selectable-text-vs-scanned-text.svg,https://liftpdf.com/guides/reduce-scanned-pdf-size,Scanned PDF page compared with selectable text PDF page,1200,720,svg,NOT_MEASURED,YES,content_or_ui
https://liftpdf.com/images/editorial/compress-pdf-without-quality-loss.svg,https://liftpdf.com/guides/pdf-compression-vs-optimization,PDF compression workflow showing file size reduction while checking readability,1200,720,svg,NOT_MEASURED,YES,content_or_ui
https://liftpdf.com/images/editorial/pdf-to-image-workflow.svg,https://liftpdf.com/guides/how-to-convert-pdf-to-jpg,PDF to image workflow showing PDF pages exported as JPG or PNG files,1200,720,svg,NOT_MEASURED,YES,content_or_ui
https://liftpdf.com/images/editorial/pdf-to-image-workflow.svg,https://liftpdf.com/guides/how-to-convert-pdf-to-jpg,PDF to JPG workflow showing PDF pages exported as JPG files,1200,720,svg,NOT_MEASURED,YES,content_or_ui
https://liftpdf.com/_next/image?url=%2Fimages%2Fseo%2Fpdf-to-jpg%2Fhero.webp&w=640&q=75,https://liftpdf.com/guides/how-to-convert-pdf-to-jpg,LiftPDF PDF to JPG converter preview,430,272,,NOT_MEASURED,YES,content_or_ui
https://liftpdf.com/images/editorial/pdf-to-image-workflow.svg,https://liftpdf.com/guides/how-to-convert-pdf-to-png,PDF to image workflow showing PDF pages exported as JPG or PNG files,1200,720,svg,NOT_MEASURED,YES,content_or_ui
https://liftpdf.com/images/editorial/pdf-to-image-workflow.svg,https://liftpdf.com/guides/how-to-convert-pdf-to-png,PDF to PNG workflow showing sharp page image export,1200,720,svg,NOT_MEASURED,YES,content_or_ui
https://liftpdf.com/_next/image?url=%2Fimages%2Fseo%2Fpdf-to-png%2Fhero.webp&w=640&q=75,https://liftpdf.com/guides/how-to-convert-pdf-to-png,LiftPDF PDF to PNG converter preview,430,272,,NOT_MEASURED,YES,content_or_ui
https://liftpdf.com/images/editorial/pdf-to-image-workflow.svg,https://liftpdf.com/guides/pdf-to-jpg-vs-pdf-to-png,PDF to image workflow showing PDF pages exported as JPG or PNG files,1200,720,svg,NOT_MEASURED,YES,content_or_ui
https://liftpdf.com/images/editorial/pdf-to-image-workflow.svg,https://liftpdf.com/guides/why-are-pdf-to-jpg-images-blurry,PDF to image workflow showing PDF pages exported as JPG or PNG files,1200,720,svg,NOT_MEASURED,YES,content_or_ui
https://liftpdf.com/images/editorial/selectable-text-vs-scanned-text.svg,https://liftpdf.com/guides/how-to-copy-text-from-pdf,Selectable PDF text compared with scanned image-only PDF text,1200,720,svg,NOT_MEASURED,YES,content_or_ui
https://liftpdf.com/images/editorial/selectable-text-vs-scanned-text.svg,https://liftpdf.com/guides/how-to-copy-text-from-pdf,Selectable text PDF compared with scanned PDF for text copying,1200,720,svg,NOT_MEASURED,YES,content_or_ui
https://liftpdf.com/_next/image?url=%2Fimages%2Fseo%2Fpdf-to-text%2Fhero.webp&w=640&q=75,https://liftpdf.com/guides/how-to-copy-text-from-pdf,LiftPDF PDF to Text tool preview,430,272,,NOT_MEASURED,YES,content_or_ui
https://liftpdf.com/images/editorial/selectable-text-vs-scanned-text.svg,https://liftpdf.com/guides/why-cant-i-copy-text-from-pdf,Selectable PDF text compared with scanned image-only PDF text,1200,720,svg,NOT_MEASURED,YES,content_or_ui
https://liftpdf.com/images/editorial/selectable-text-vs-scanned-text.svg,https://liftpdf.com/guides/how-to-tell-if-pdf-is-scanned,Selectable PDF text compared with scanned image-only PDF text,1200,720,svg,NOT_MEASURED,YES,content_or_ui
https://liftpdf.com/images/editorial/pdf-password-workflow.svg,https://liftpdf.com/guides/protect-pdf-before-sending,"PDF password workflow showing protected file, known password and unlocked result",1200,720,svg,NOT_MEASURED,YES,content_or_ui
https://liftpdf.com/images/editorial/pdf-password-workflow.svg,https://liftpdf.com/guides/protect-pdf-before-sending,Protect PDF before sending workflow with password and encrypted output,1200,720,svg,NOT_MEASURED,YES,content_or_ui
https://liftpdf.com/_next/image?url=%2Fimages%2Fseo%2Fprotect-pdf%2Fhero.webp&w=640&q=75,https://liftpdf.com/guides/protect-pdf-before-sending,LiftPDF Protect PDF tool preview,430,272,,NOT_MEASURED,YES,content_or_ui
https://liftpdf.com/images/editorial/pdf-password-workflow.svg,https://liftpdf.com/guides/unlock-pdf-with-known-password,"PDF password workflow showing protected file, known password and unlocked result",1200,720,svg,NOT_MEASURED,YES,content_or_ui
https://liftpdf.com/images/editorial/pdf-password-workflow.svg,https://liftpdf.com/guides/unlock-pdf-with-known-password,Unlock PDF workflow requiring a known password,1200,720,svg,NOT_MEASURED,YES,content_or_ui
https://liftpdf.com/_next/image?url=%2Fimages%2Fseo%2Funlock-pdf%2Fhero.webp&w=640&q=75,https://liftpdf.com/guides/unlock-pdf-with-known-password,LiftPDF Unlock PDF tool preview,430,272,,NOT_MEASURED,YES,content_or_ui
https://liftpdf.com/images/editorial/pdf-password-workflow.svg,https://liftpdf.com/guides/password-protected-pdf-not-opening,"PDF password workflow showing protected file, known password and unlocked result",1200,720,svg,NOT_MEASURED,YES,content_or_ui
https://liftpdf.com/images/editorial/online-pdf-submission-workflow.svg,https://liftpdf.com/guides/make-pdf-smaller-for-upload,"Online PDF submission workflow with file size, page order and upload checks",1200,720,svg,NOT_MEASURED,YES,content_or_ui
https://liftpdf.com/images/editorial/online-pdf-submission-workflow.svg,https://liftpdf.com/guides/pdf-file-size-limit-explained,"Online PDF submission workflow with file size, page order and upload checks",1200,720,svg,NOT_MEASURED,YES,content_or_ui
https://liftpdf.com/images/editorial/phone-photos-to-pdf-workflow.svg,https://liftpdf.com/guides/convert-receipts-to-pdf,Phone photos to PDF workflow with receipts screenshots and school documents,1200,720,svg,NOT_MEASURED,YES,content_or_ui
https://liftpdf.com/images/editorial/phone-photos-to-pdf-workflow.svg,https://liftpdf.com/guides/combine-screenshots-into-pdf,Phone photos to PDF workflow with receipts screenshots and school documents,1200,720,svg,NOT_MEASURED,YES,content_or_ui
https://liftpdf.com/images/editorial/phone-photos-to-pdf-workflow.svg,https://liftpdf.com/guides/turn-school-assignment-photos-into-pdf,Phone photos to PDF workflow with receipts screenshots and school documents,1200,720,svg,NOT_MEASURED,YES,content_or_ui
https://liftpdf.com/images/editorial/pdf-page-cleanup-workflow.svg,https://liftpdf.com/guides/remove-blank-pages-from-pdf,"PDF page cleanup workflow showing blank pages removal, rotation and page order",1200,720,svg,NOT_MEASURED,YES,content_or_ui
https://liftpdf.com/images/editorial/pdf-page-cleanup-workflow.svg,https://liftpdf.com/guides/fix-pdf-pages-out-of-order,"PDF page cleanup workflow showing blank pages removal, rotation and page order",1200,720,svg,NOT_MEASURED,YES,content_or_ui
https://liftpdf.com/images/editorial/pdf-page-cleanup-workflow.svg,https://liftpdf.com/guides/rotate-scanned-pdf-pages,"PDF page cleanup workflow showing blank pages removal, rotation and page order",1200,720,svg,NOT_MEASURED,YES,content_or_ui
https://liftpdf.com/images/editorial/pdf-report-polish-workflow.svg,https://liftpdf.com/guides/add-page-numbers-to-pdf-report,"PDF report polish workflow with page numbers, watermark and final download",1200,720,svg,NOT_MEASURED,YES,content_or_ui
https://liftpdf.com/images/editorial/pdf-report-polish-workflow.svg,https://liftpdf.com/guides/add-confidential-watermark-to-pdf,"PDF report polish workflow with page numbers, watermark and final download",1200,720,svg,NOT_MEASURED,YES,content_or_ui
https://liftpdf.com/images/editorial/selectable-text-vs-scanned-text.svg,https://liftpdf.com/guides/extract-text-from-pdf-without-ocr,Selectable PDF text compared with scanned image-only PDF text,1200,720,svg,NOT_MEASURED,YES,content_or_ui
https://liftpdf.com/images/editorial/selectable-text-vs-scanned-text.svg,https://liftpdf.com/guides/why-pdf-text-extraction-fails,Selectable PDF text compared with scanned image-only PDF text,1200,720,svg,NOT_MEASURED,YES,content_or_ui
https://liftpdf.com/images/editorial/split-pdf-page-range-workflow.svg,https://liftpdf.com/guides/split-pdf-into-separate-pages,Split PDF workflow showing page ranges becoming separate PDF outputs,1200,720,svg,NOT_MEASURED,YES,content_or_ui
https://liftpdf.com/images/editorial/split-pdf-page-range-workflow.svg,https://liftpdf.com/guides/split-pdf-by-page-range,Split PDF workflow showing page ranges becoming separate PDF outputs,1200,720,svg,NOT_MEASURED,YES,content_or_ui
https://liftpdf.com/images/editorial/save-selected-pdf-pages-workflow.svg,https://liftpdf.com/guides/save-selected-pages-from-pdf,Selected PDF pages workflow showing one page and multiple selected pages saved as a new PDF,1200,720,svg,NOT_MEASURED,YES,content_or_ui
https://liftpdf.com/images/editorial/save-selected-pdf-pages-workflow.svg,https://liftpdf.com/guides/delete-pages-from-pdf-before-sending,Selected PDF pages workflow showing one page and multiple selected pages saved as a new PDF,1200,720,svg,NOT_MEASURED,YES,content_or_ui
https://liftpdf.com/images/editorial/pdf-final-checklist-workflow.svg,https://liftpdf.com/guides/organize-pdf-before-printing,"Final PDF checklist workflow showing page order, file size, numbering and download checks",1200,720,svg,NOT_MEASURED,YES,content_or_ui
https://liftpdf.com/images/editorial/pdf-final-checklist-workflow.svg,https://liftpdf.com/guides/prepare-pdf-for-email,"Final PDF checklist workflow showing page order, file size, numbering and download checks",1200,720,svg,NOT_MEASURED,YES,content_or_ui
https://liftpdf.com/images/editorial/pdf-editing-controls-workflow.svg,https://liftpdf.com/guides/rotate-pdf-before-upload,"PDF editing controls workflow showing rotate, watermark and page number actions",1200,720,svg,NOT_MEASURED,YES,content_or_ui
https://liftpdf.com/images/editorial/pdf-editing-controls-workflow.svg,https://liftpdf.com/guides/watermark-pdf-before-sharing,"PDF editing controls workflow showing rotate, watermark and page number actions",1200,720,svg,NOT_MEASURED,YES,content_or_ui
https://liftpdf.com/images/editorial/pdf-editing-controls-workflow.svg,https://liftpdf.com/guides/add-page-numbers-before-sharing-pdf,"PDF editing controls workflow showing rotate, watermark and page number actions",1200,720,svg,NOT_MEASURED,YES,content_or_ui
https://liftpdf.com/images/editorial/save-selected-pdf-pages-workflow.svg,https://liftpdf.com/guides/extract-pdf-pages-for-email,Selected PDF pages workflow showing one page and multiple selected pages saved as a new PDF,1200,720,svg,NOT_MEASURED,YES,content_or_ui