URL,HTTP,robots,meta_robots,canonical,sitemap,index_recommendation,reason
https://liftpdf.com,200,none,none,https://liftpdf.com/,YES,REVIEW,Status/canonical/robots require review
https://liftpdf.com/pdf-tools,200,none,none,https://liftpdf.com/pdf-tools,YES,INDEX,200 self-canonical and no noindex
https://liftpdf.com/pdf-converter,200,none,none,https://liftpdf.com/pdf-converter,YES,INDEX,200 self-canonical and no noindex
https://liftpdf.com/pdf-editor,200,none,none,https://liftpdf.com/pdf-editor,YES,INDEX,200 self-canonical and no noindex
https://liftpdf.com/pdf-security,200,none,none,https://liftpdf.com/pdf-security,YES,INDEX,200 self-canonical and no noindex
https://liftpdf.com/pdf-image-tools,200,none,none,https://liftpdf.com/pdf-image-tools,YES,INDEX,200 self-canonical and no noindex
https://liftpdf.com/organize-pdf,200,none,none,https://liftpdf.com/organize-pdf,YES,INDEX,200 self-canonical and no noindex
https://liftpdf.com/privacy,200,none,none,https://liftpdf.com/privacy,YES,INDEX,200 self-canonical and no noindex
https://liftpdf.com/cookies,200,none,none,https://liftpdf.com/cookies,YES,INDEX,200 self-canonical and no noindex
https://liftpdf.com/security,200,none,none,https://liftpdf.com/security,YES,INDEX,200 self-canonical and no noindex
https://liftpdf.com/about,200,none,none,https://liftpdf.com/about,YES,INDEX,200 self-canonical and no noindex
https://liftpdf.com/why-liftpdf,200,none,none,https://liftpdf.com/why-liftpdf,YES,INDEX,200 self-canonical and no noindex
https://liftpdf.com/terms,200,none,none,https://liftpdf.com/terms,YES,INDEX,200 self-canonical and no noindex
https://liftpdf.com/contact,200,none,none,https://liftpdf.com/contact,YES,INDEX,200 self-canonical and no noindex
https://liftpdf.com/learn,200,none,none,https://liftpdf.com/learn,YES,INDEX,200 self-canonical and no noindex
https://liftpdf.com/guides,200,none,none,https://liftpdf.com/guides,YES,INDEX,200 self-canonical and no noindex
https://liftpdf.com/pdf-glossary,200,none,none,https://liftpdf.com/pdf-glossary,YES,INDEX,200 self-canonical and no noindex
https://liftpdf.com/help,200,none,none,https://liftpdf.com/help,YES,INDEX,200 self-canonical and no noindex
https://liftpdf.com/learn/pdf-basics,200,none,none,https://liftpdf.com/learn/pdf-basics,YES,INDEX,200 self-canonical and no noindex
https://liftpdf.com/learn/convert-pdf,200,none,none,https://liftpdf.com/learn/convert-pdf,YES,INDEX,200 self-canonical and no noindex
https://liftpdf.com/learn/organize-pdf,200,none,none,https://liftpdf.com/learn/organize-pdf,YES,INDEX,200 self-canonical and no noindex
https://liftpdf.com/learn/edit-pdf,200,none,none,https://liftpdf.com/learn/edit-pdf,YES,INDEX,200 self-canonical and no noindex
https://liftpdf.com/learn/pdf-security,200,none,none,https://liftpdf.com/learn/pdf-security,YES,INDEX,200 self-canonical and no noindex
https://liftpdf.com/learn/pdf-images,200,none,none,https://liftpdf.com/learn/pdf-images,YES,INDEX,200 self-canonical and no noindex
https://liftpdf.com/learn/troubleshooting,200,none,none,https://liftpdf.com/learn/troubleshooting,YES,INDEX,200 self-canonical and no noindex
https://liftpdf.com/learn/comparisons,200,none,none,https://liftpdf.com/learn/comparisons,YES,INDEX,200 self-canonical and no noindex
https://liftpdf.com/jpg-to-pdf,200,none,none,https://liftpdf.com/jpg-to-pdf,YES,INDEX,200 self-canonical and no noindex
https://liftpdf.com/png-to-pdf,200,none,none,https://liftpdf.com/png-to-pdf,YES,INDEX,200 self-canonical and no noindex
https://liftpdf.com/images-to-pdf,200,none,none,https://liftpdf.com/images-to-pdf,YES,INDEX,200 self-canonical and no noindex
https://liftpdf.com/pdf-to-jpg,200,none,none,https://liftpdf.com/pdf-to-jpg,YES,INDEX,200 self-canonical and no noindex
https://liftpdf.com/pdf-to-png,200,none,none,https://liftpdf.com/pdf-to-png,YES,INDEX,200 self-canonical and no noindex
https://liftpdf.com/merge-pdf,200,none,none,https://liftpdf.com/merge-pdf,YES,INDEX,200 self-canonical and no noindex
https://liftpdf.com/split-pdf,200,none,none,https://liftpdf.com/split-pdf,YES,INDEX,200 self-canonical and no noindex
https://liftpdf.com/compress-pdf,200,none,none,https://liftpdf.com/compress-pdf,YES,INDEX,200 self-canonical and no noindex
https://liftpdf.com/rotate-pdf,200,none,none,https://liftpdf.com/rotate-pdf,YES,INDEX,200 self-canonical and no noindex
https://liftpdf.com/add-page-numbers,200,none,none,https://liftpdf.com/add-page-numbers,YES,INDEX,200 self-canonical and no noindex
https://liftpdf.com/watermark-pdf,200,none,none,https://liftpdf.com/watermark-pdf,YES,INDEX,200 self-canonical and no noindex
https://liftpdf.com/pdf-to-text,200,none,none,https://liftpdf.com/pdf-to-text,YES,INDEX,200 self-canonical and no noindex
https://liftpdf.com/protect-pdf,200,none,none,https://liftpdf.com/protect-pdf,YES,INDEX,200 self-canonical and no noindex
https://liftpdf.com/unlock-pdf,200,none,none,https://liftpdf.com/unlock-pdf,YES,INDEX,200 self-canonical and no noindex
https://liftpdf.com/delete-pages,200,none,none,https://liftpdf.com/delete-pages,YES,INDEX,200 self-canonical and no noindex
https://liftpdf.com/extract-pages,200,none,none,https://liftpdf.com/extract-pages,YES,INDEX,200 self-canonical and no noindex
https://liftpdf.com/reorder-pages,200,none,none,https://liftpdf.com/reorder-pages,YES,INDEX,200 self-canonical and no noindex
https://liftpdf.com/guides/how-to-extract-pages-from-pdf,200,none,none,https://liftpdf.com/guides/how-to-extract-pages-from-pdf,YES,INDEX,200 self-canonical and no noindex
https://liftpdf.com/guides/extract-one-page-from-pdf,200,none,none,https://liftpdf.com/guides/extract-one-page-from-pdf,YES,INDEX,200 self-canonical and no noindex
https://liftpdf.com/guides/extract-multiple-pages-from-pdf,200,none,none,https://liftpdf.com/guides/extract-multiple-pages-from-pdf,YES,INDEX,200 self-canonical and no noindex
https://liftpdf.com/guides/extract-pdf-pages-without-adobe,200,none,none,https://liftpdf.com/guides/extract-pdf-pages-without-adobe,YES,INDEX,200 self-canonical and no noindex
https://liftpdf.com/guides/extract-pages-from-password-protected-pdf,200,none,none,https://liftpdf.com/guides/extract-pages-from-password-protected-pdf,YES,INDEX,200 self-canonical and no noindex
https://liftpdf.com/guides/extract-pages-from-scanned-pdf,200,none,none,https://liftpdf.com/guides/extract-pages-from-scanned-pdf,YES,INDEX,200 self-canonical and no noindex
https://liftpdf.com/guides/extract-pages-vs-split-pdf,200,none,none,https://liftpdf.com/guides/extract-pages-vs-split-pdf,YES,INDEX,200 self-canonical and no noindex
https://liftpdf.com/guides/how-to-merge-pdf,200,none,none,https://liftpdf.com/guides/how-to-merge-pdf,YES,INDEX,200 self-canonical and no noindex
https://liftpdf.com/guides/merge-pdf-online,200,none,none,https://liftpdf.com/guides/merge-pdf-online,YES,INDEX,200 self-canonical and no noindex
https://liftpdf.com/guides/merge-pdf-without-adobe,200,none,none,https://liftpdf.com/guides/merge-pdf-without-adobe,YES,INDEX,200 self-canonical and no noindex
https://liftpdf.com/guides/merge-two-pdf-files,200,none,none,https://liftpdf.com/guides/merge-two-pdf-files,YES,INDEX,200 self-canonical and no noindex
https://liftpdf.com/guides/merge-multiple-pdf-files,200,none,none,https://liftpdf.com/guides/merge-multiple-pdf-files,YES,INDEX,200 self-canonical and no noindex
https://liftpdf.com/guides/merge-pdf-free,200,none,none,https://liftpdf.com/guides/merge-pdf-free,YES,INDEX,200 self-canonical and no noindex
https://liftpdf.com/guides/why-cant-i-merge-pdf-files,200,none,none,https://liftpdf.com/guides/why-cant-i-merge-pdf-files,YES,INDEX,200 self-canonical and no noindex
https://liftpdf.com/guides/why-is-my-merged-pdf-too-large,200,none,none,https://liftpdf.com/guides/why-is-my-merged-pdf-too-large,YES,INDEX,200 self-canonical and no noindex
https://liftpdf.com/guides/why-does-merge-pdf-fail,200,none,none,https://liftpdf.com/guides/why-does-merge-pdf-fail,YES,INDEX,200 self-canonical and no noindex
https://liftpdf.com/guides/why-cant-i-merge-protected-pdfs,200,none,none,https://liftpdf.com/guides/why-cant-i-merge-protected-pdfs,YES,INDEX,200 self-canonical and no noindex
https://liftpdf.com/guides/merge-pdf-vs-combine-pdf,200,none,none,https://liftpdf.com/guides/merge-pdf-vs-combine-pdf,YES,INDEX,200 self-canonical and no noindex
https://liftpdf.com/guides/merge-pdf-vs-adobe,200,none,none,https://liftpdf.com/guides/merge-pdf-vs-adobe,YES,INDEX,200 self-canonical and no noindex
https://liftpdf.com/guides/merge-pdf-vs-smallpdf,200,none,none,https://liftpdf.com/guides/merge-pdf-vs-smallpdf,YES,INDEX,200 self-canonical and no noindex
https://liftpdf.com/guides/merge-pdf-vs-ilovepdf,200,none,none,https://liftpdf.com/guides/merge-pdf-vs-ilovepdf,YES,INDEX,200 self-canonical and no noindex
https://liftpdf.com/guides/merge-pdf-faq,200,none,none,https://liftpdf.com/guides/merge-pdf-faq,YES,INDEX,200 self-canonical and no noindex
https://liftpdf.com/guides/how-to-convert-jpg-to-pdf,200,none,none,https://liftpdf.com/guides/how-to-convert-jpg-to-pdf,YES,INDEX,200 self-canonical and no noindex
https://liftpdf.com/guides/how-to-convert-multiple-jpg-to-pdf,200,none,none,https://liftpdf.com/guides/how-to-convert-multiple-jpg-to-pdf,YES,INDEX,200 self-canonical and no noindex
https://liftpdf.com/guides/how-to-convert-jpg-to-pdf-without-losing-quality,200,none,none,https://liftpdf.com/guides/how-to-convert-jpg-to-pdf-without-losing-quality,YES,INDEX,200 self-canonical and no noindex
https://liftpdf.com/guides/jpg-to-pdf-online,200,none,none,https://liftpdf.com/guides/jpg-to-pdf-online,YES,INDEX,200 self-canonical and no noindex
https://liftpdf.com/guides/jpg-to-pdf-without-adobe,200,none,none,https://liftpdf.com/guides/jpg-to-pdf-without-adobe,YES,INDEX,200 self-canonical and no noindex
https://liftpdf.com/guides/jpg-to-pdf-free,200,none,none,https://liftpdf.com/guides/jpg-to-pdf-free,YES,INDEX,200 self-canonical and no noindex
https://liftpdf.com/guides/why-is-my-jpg-blurry-after-pdf,200,none,none,https://liftpdf.com/guides/why-is-my-jpg-blurry-after-pdf,YES,INDEX,200 self-canonical and no noindex
https://liftpdf.com/guides/why-is-my-pdf-too-large-after-converting-jpg,200,none,none,https://liftpdf.com/guides/why-is-my-pdf-too-large-after-converting-jpg,YES,INDEX,200 self-canonical and no noindex
https://liftpdf.com/guides/why-cant-i-convert-jpg-to-pdf,200,none,none,https://liftpdf.com/guides/why-cant-i-convert-jpg-to-pdf,YES,INDEX,200 self-canonical and no noindex
https://liftpdf.com/guides/how-to-keep-original-image-quality,200,none,none,https://liftpdf.com/guides/how-to-keep-original-image-quality,YES,INDEX,200 self-canonical and no noindex
https://liftpdf.com/guides/jpg-vs-png,200,none,none,https://liftpdf.com/guides/jpg-vs-png,YES,INDEX,200 self-canonical and no noindex
https://liftpdf.com/guides/jpg-to-pdf-vs-word,200,none,none,https://liftpdf.com/guides/jpg-to-pdf-vs-word,YES,INDEX,200 self-canonical and no noindex
https://liftpdf.com/guides/jpg-to-pdf-vs-smallpdf,200,none,none,https://liftpdf.com/guides/jpg-to-pdf-vs-smallpdf,YES,INDEX,200 self-canonical and no noindex
https://liftpdf.com/guides/jpg-to-pdf-vs-adobe,200,none,none,https://liftpdf.com/guides/jpg-to-pdf-vs-adobe,YES,INDEX,200 self-canonical and no noindex
https://liftpdf.com/guides/jpg-to-pdf-faq,200,none,none,https://liftpdf.com/guides/jpg-to-pdf-faq,YES,INDEX,200 self-canonical and no noindex
https://liftpdf.com/guides/what-is-a-pdf,200,none,none,https://liftpdf.com/guides/what-is-a-pdf,YES,INDEX,200 self-canonical and no noindex
https://liftpdf.com/guides/jpg-vs-jpeg,200,none,none,https://liftpdf.com/guides/jpg-vs-jpeg,YES,INDEX,200 self-canonical and no noindex
https://liftpdf.com/guides/png-vs-pdf,200,none,none,https://liftpdf.com/guides/png-vs-pdf,YES,INDEX,200 self-canonical and no noindex
https://liftpdf.com/guides/what-is-pdf-compression,200,none,none,https://liftpdf.com/guides/what-is-pdf-compression,YES,INDEX,200 self-canonical and no noindex
https://liftpdf.com/guides/what-is-a-password-protected-pdf,200,none,none,https://liftpdf.com/guides/what-is-a-password-protected-pdf,YES,INDEX,200 self-canonical and no noindex
https://liftpdf.com/guides/what-is-browser-based-pdf-processing,200,none,none,https://liftpdf.com/guides/what-is-browser-based-pdf-processing,YES,INDEX,200 self-canonical and no noindex
https://liftpdf.com/guides/scanned-pdf-vs-searchable-pdf,200,none,none,https://liftpdf.com/guides/scanned-pdf-vs-searchable-pdf,YES,INDEX,200 self-canonical and no noindex
https://liftpdf.com/guides/why-is-my-pdf-too-large,200,none,none,https://liftpdf.com/guides/why-is-my-pdf-too-large,YES,INDEX,200 self-canonical and no noindex
https://liftpdf.com/guides/how-to-reduce-pdf-file-size-for-email,200,none,none,https://liftpdf.com/guides/how-to-reduce-pdf-file-size-for-email,YES,INDEX,200 self-canonical and no noindex
https://liftpdf.com/guides/how-to-combine-scanned-documents-into-one-pdf,200,none,none,https://liftpdf.com/guides/how-to-combine-scanned-documents-into-one-pdf,YES,INDEX,200 self-canonical and no noindex
https://liftpdf.com/guides/how-to-prepare-a-pdf-for-online-submission,200,none,none,https://liftpdf.com/guides/how-to-prepare-a-pdf-for-online-submission,YES,INDEX,200 self-canonical and no noindex
https://liftpdf.com/guides/how-to-organize-pdf-pages-before-sending,200,none,none,https://liftpdf.com/guides/how-to-organize-pdf-pages-before-sending,YES,INDEX,200 self-canonical and no noindex
https://liftpdf.com/guides/how-to-turn-phone-photos-into-a-pdf,200,none,none,https://liftpdf.com/guides/how-to-turn-phone-photos-into-a-pdf,YES,INDEX,200 self-canonical and no noindex
https://liftpdf.com/guides/how-to-keep-pdf-images-sharp,200,none,none,https://liftpdf.com/guides/how-to-keep-pdf-images-sharp,YES,INDEX,200 self-canonical and no noindex
https://liftpdf.com/guides/why-pdf-opens-blank,200,none,none,https://liftpdf.com/guides/why-pdf-opens-blank,YES,INDEX,200 self-canonical and no noindex
https://liftpdf.com/guides/why-a-pdf-is-password-protected,200,none,none,https://liftpdf.com/guides/why-a-pdf-is-password-protected,YES,INDEX,200 self-canonical and no noindex
https://liftpdf.com/guides/pdf-vs-jpg,200,none,none,https://liftpdf.com/guides/pdf-vs-jpg,YES,INDEX,200 self-canonical and no noindex
https://liftpdf.com/guides/pdf-vs-png,200,none,none,https://liftpdf.com/guides/pdf-vs-png,YES,INDEX,200 self-canonical and no noindex
https://liftpdf.com/guides/how-to-compress-pdf-without-losing-quality,200,none,none,https://liftpdf.com/guides/how-to-compress-pdf-without-losing-quality,YES,INDEX,200 self-canonical and no noindex
https://liftpdf.com/guides/compress-pdf-for-email,200,none,none,https://liftpdf.com/guides/compress-pdf-for-email,YES,INDEX,200 self-canonical and no noindex
https://liftpdf.com/guides/reduce-scanned-pdf-size,200,none,none,https://liftpdf.com/guides/reduce-scanned-pdf-size,YES,INDEX,200 self-canonical and no noindex
https://liftpdf.com/guides/pdf-compression-vs-optimization,200,none,none,https://liftpdf.com/guides/pdf-compression-vs-optimization,YES,INDEX,200 self-canonical and no noindex
https://liftpdf.com/guides/how-to-convert-pdf-to-jpg,200,none,none,https://liftpdf.com/guides/how-to-convert-pdf-to-jpg,YES,INDEX,200 self-canonical and no noindex
https://liftpdf.com/guides/how-to-convert-pdf-to-png,200,none,none,https://liftpdf.com/guides/how-to-convert-pdf-to-png,YES,INDEX,200 self-canonical and no noindex
https://liftpdf.com/guides/pdf-to-jpg-vs-pdf-to-png,200,none,none,https://liftpdf.com/guides/pdf-to-jpg-vs-pdf-to-png,YES,INDEX,200 self-canonical and no noindex
https://liftpdf.com/guides/why-are-pdf-to-jpg-images-blurry,200,none,none,https://liftpdf.com/guides/why-are-pdf-to-jpg-images-blurry,YES,INDEX,200 self-canonical and no noindex
https://liftpdf.com/guides/how-to-copy-text-from-pdf,200,none,none,https://liftpdf.com/guides/how-to-copy-text-from-pdf,YES,INDEX,200 self-canonical and no noindex
https://liftpdf.com/guides/why-cant-i-copy-text-from-pdf,200,none,none,https://liftpdf.com/guides/why-cant-i-copy-text-from-pdf,YES,INDEX,200 self-canonical and no noindex
https://liftpdf.com/guides/how-to-tell-if-pdf-is-scanned,200,none,none,https://liftpdf.com/guides/how-to-tell-if-pdf-is-scanned,YES,INDEX,200 self-canonical and no noindex
https://liftpdf.com/guides/protect-pdf-before-sending,200,none,none,https://liftpdf.com/guides/protect-pdf-before-sending,YES,INDEX,200 self-canonical and no noindex
https://liftpdf.com/guides/unlock-pdf-with-known-password,200,none,none,https://liftpdf.com/guides/unlock-pdf-with-known-password,YES,INDEX,200 self-canonical and no noindex
https://liftpdf.com/guides/password-protected-pdf-not-opening,200,none,none,https://liftpdf.com/guides/password-protected-pdf-not-opening,YES,INDEX,200 self-canonical and no noindex
https://liftpdf.com/guides/make-pdf-smaller-for-upload,200,none,none,https://liftpdf.com/guides/make-pdf-smaller-for-upload,YES,INDEX,200 self-canonical and no noindex
https://liftpdf.com/guides/pdf-file-size-limit-explained,200,none,none,https://liftpdf.com/guides/pdf-file-size-limit-explained,YES,INDEX,200 self-canonical and no noindex
https://liftpdf.com/guides/convert-receipts-to-pdf,200,none,none,https://liftpdf.com/guides/convert-receipts-to-pdf,YES,INDEX,200 self-canonical and no noindex
https://liftpdf.com/guides/combine-screenshots-into-pdf,200,none,none,https://liftpdf.com/guides/combine-screenshots-into-pdf,YES,INDEX,200 self-canonical and no noindex
https://liftpdf.com/guides/turn-school-assignment-photos-into-pdf,200,none,none,https://liftpdf.com/guides/turn-school-assignment-photos-into-pdf,YES,INDEX,200 self-canonical and no noindex
https://liftpdf.com/guides/remove-blank-pages-from-pdf,200,none,none,https://liftpdf.com/guides/remove-blank-pages-from-pdf,YES,INDEX,200 self-canonical and no noindex
https://liftpdf.com/guides/fix-pdf-pages-out-of-order,200,none,none,https://liftpdf.com/guides/fix-pdf-pages-out-of-order,YES,INDEX,200 self-canonical and no noindex
https://liftpdf.com/guides/rotate-scanned-pdf-pages,200,none,none,https://liftpdf.com/guides/rotate-scanned-pdf-pages,YES,INDEX,200 self-canonical and no noindex
https://liftpdf.com/guides/add-page-numbers-to-pdf-report,200,none,none,https://liftpdf.com/guides/add-page-numbers-to-pdf-report,YES,INDEX,200 self-canonical and no noindex
https://liftpdf.com/guides/add-confidential-watermark-to-pdf,200,none,none,https://liftpdf.com/guides/add-confidential-watermark-to-pdf,YES,INDEX,200 self-canonical and no noindex
https://liftpdf.com/guides/extract-text-from-pdf-without-ocr,200,none,none,https://liftpdf.com/guides/extract-text-from-pdf-without-ocr,YES,INDEX,200 self-canonical and no noindex
https://liftpdf.com/guides/why-pdf-text-extraction-fails,200,none,none,https://liftpdf.com/guides/why-pdf-text-extraction-fails,YES,INDEX,200 self-canonical and no noindex
https://liftpdf.com/guides/split-pdf-into-separate-pages,200,none,none,https://liftpdf.com/guides/split-pdf-into-separate-pages,YES,INDEX,200 self-canonical and no noindex
https://liftpdf.com/guides/split-pdf-by-page-range,200,none,none,https://liftpdf.com/guides/split-pdf-by-page-range,YES,INDEX,200 self-canonical and no noindex
https://liftpdf.com/guides/save-selected-pages-from-pdf,200,none,none,https://liftpdf.com/guides/save-selected-pages-from-pdf,YES,INDEX,200 self-canonical and no noindex
https://liftpdf.com/guides/delete-pages-from-pdf-before-sending,200,none,none,https://liftpdf.com/guides/delete-pages-from-pdf-before-sending,YES,INDEX,200 self-canonical and no noindex
https://liftpdf.com/guides/organize-pdf-before-printing,200,none,none,https://liftpdf.com/guides/organize-pdf-before-printing,YES,INDEX,200 self-canonical and no noindex
https://liftpdf.com/guides/prepare-pdf-for-email,200,none,none,https://liftpdf.com/guides/prepare-pdf-for-email,YES,INDEX,200 self-canonical and no noindex
https://liftpdf.com/guides/rotate-pdf-before-upload,200,none,none,https://liftpdf.com/guides/rotate-pdf-before-upload,YES,INDEX,200 self-canonical and no noindex
https://liftpdf.com/guides/watermark-pdf-before-sharing,200,none,none,https://liftpdf.com/guides/watermark-pdf-before-sharing,YES,INDEX,200 self-canonical and no noindex
https://liftpdf.com/guides/add-page-numbers-before-sharing-pdf,200,none,none,https://liftpdf.com/guides/add-page-numbers-before-sharing-pdf,YES,INDEX,200 self-canonical and no noindex
https://liftpdf.com/guides/extract-pdf-pages-for-email,200,none,none,https://liftpdf.com/guides/extract-pdf-pages-for-email,YES,INDEX,200 self-canonical and no noindex